nombre;presentacion;marca;diferenciador;precio;imagen
Ablandacarnes ;55g;El Rey ;;2600;productos/en0al6ukylshxq8zaygh
Aceite ;1L;Gourmet ;;11900;productos/ktmxtrjc4kldz7romlyd
Aceite ;1L;Oleocali ;;6900;productos/hgm9g1csiijy7znguwjo
Aceite ;1L;Premier ;;10900;productos/hujskcalnblymlsrcc1e
Aceite ;500ml;El Purisimo ;;3900;productos/rra0wfba5et67tqqd1dq
Aceite ;500ml;Gourmet ;;6200;productos/vdx41uqkr70xna21v9ff
Aceite ;500ml;Premier ;;5900;productos/ajuzbjbydqkiohu0tjmw
Aceite ;500ml;Riquisimo ;;3900;productos/wm1srl31qvs5ukwasrak
Aceite ;1L;Bon Life;Soya ;6300;productos/hccqpcf5hvzuctcuqmcp
Aceite ;1L;Riquisimo ;;9900;productos/qqkphdu5qew3uo0lggrk
Aceite ;500ml;Mazorca de Oro ;;3900;productos/y3iorpohgqglykrzxqtr
Acetaminofen;500mg;MK;Adultos;7290;productos/xj5oqaoaw2xlsve01gmt
Acetaminofen;100 Tabletas;La Sante;;7000;productos/zzwchl047cc3leir1i1u
Achiras ;30g ;Ramo;;1200;productos/m4rukrbwmxbuyibaoxu4
Advil;10 Capsulas;Advil;Fastgel Liquid;11150;productos/muvtgbc5ycs8a0msfld2
Advil;10 Capsulas;Advil;Ultra;10090;productos/hb4cojntvlj5x8sqdben
Advil;20 Capsulas;Advil;Capsulas Liquidas;12520;productos/cw4fat1dgwk7w232pizk
Advil;24 Tabletas;Advil;Dolor y Fiebre;15100;productos/hboxobxszz2rfh8lqnpt
Advil ;10 Capsulas;Advil;Max;10900;productos/gkp3gvymo151gnftliqx
Agua;5L;Cristal;Sin Gas ;5800;productos/ijfbfbo25poerxin06ft
Agua;600ml;Cristal;Con Gas ;2200;productos/q19yrse4wbuwxydiegpz
Agua;620ml;Cielo ;Sin Gas ;1800;productos/xzngh8xpnupuyzet35z1
Agua;600ml;Cristal;Sin Gas ;2200;productos/eifikoiifjfjeslbvrkc
Agua;600ml;Manantial;Sin Gas ;2200;productos/e9ciggbiztewnj1ldvvo
Agua ;600ml;Brisa ;Sin Gas ;2200;productos/wfcrj1duehac6df7eumi
Agua ;600ml;Manantial;Con Gas ;2200;productos/xhfkkrikjimgiyb4bpiw
Agua Oxigenada;120ml;Jgb;Antiseptico;2700;productos/jv7pdsu9tl7kg0mzrp7v
Agua Saborizada ;600ml;H2OH;Lima Limon ;2500;productos/towsqm8drhaa6sqzrrnz
Agua Saborizada ;600ml;H2OH;Maracuya;2500;productos/cujduw64txo73jsvlap5
Agua Saborizada ;600ml;H2OH;Frutos Tropicales ;2500;productos/emt0br6k9jy1jrbnku1y
Agua Tonica ;300ml;Canada Dry ;;1600;productos/hgb1em7flgy6jw80fzdm
Aguardiente ;375ml;180;Sin Azucar ;11600;productos/utperkqgxvwjoi1irxgh
Aguardiente ;750ml;Nectar;Rojo;20100;productos/nhndzmhqsmdo2nivcsug
Aguardiente ;375ml;Nectar;Azul Sin Azucar;18100;productos/kv7h0bwxtkl9ahkee5cw
Aguardiente ;375ml;Nectar;Rojo;13400;productos/qgbb6v51jri1c0jrobzu
Aguardiente ;750ml;Cristal;;22100;productos/otjrhzshzc0yhvw6nma6
Aguardiente ;750ml;Nectar;Azul Sin Azucar;23600;productos/n5s3y0ux3j3hyffeo8eq
Aguardiente ;750ml;Nectar;Club Verde;13400;productos/dx1lhlbw08zw7wlrfqin
Aguardiente ;1000ml;Nectar;Azul Sin Azucarn Caja;38900;productos/crw9hggmzjvj8vxmbiqp
Aguardiente ;1000ml;Nectar;Club Verde;31900;productos/dw0xndwd8ao2x4rjgobb
Aguardiente ;1000ml;Nectar;Rojo;31900;productos/ruje368tmodn6wdbhpzm
Aguardiente ;250ml;Nectar;Azul Sin Azucar Caja;7500;productos/jqqthrmwwf00vjwk5o2z
Aguardiente ;250ml;Nectar;Club Verde Caja;7500;productos/agjycne1q5ujwcnj0yls
Aguardiente ;250ml;Nectar;Rojo Caja;7500;productos/onw2d2jt52jzcrhvxfum
Aguardiente ;170ml;Nectar;Club Verde;5900;productos/as1xaeseb5ntl76uc9ou
Aguardiente ;170ml;Nectar;Rojo;5900;productos/giug2g7yywx02qs7lvxg
Aguardiente ;375ml;Cristal;Sin Azucar;12700;productos/wyacnjlpyovbn2iofcfw
Aguardiente ;750ml;Cristal;Sin Azucar;19900;productos/sz26tijyjnzrvethpmme
Ajo;55g;El Rey ;;1500;productos/g2ldeqxtnjvnnucchh9m
Alcaparras ;125g;Granunion;En Vinagre ;4100;productos/ekuxvzr98ovhbocd7vkk
Alcohol;350ml;MK;Antiseptico;2260;productos/iddkwijw9edtag0aisij
Alcohol;700ml;Jgb;Antiseptico;3260;productos/suzlhetre3eonpcbjofe
Algodon;25g;MK;Zig-Zag;850;productos/anfocl1kog67c0bruenm
Algodon;25g;Jgb;Zig-Zag;11010;productos/ds7jikiznwrbjjnelqf5
Alimento Gato;500g;Whiskas;Carne;8630;productos/ao98zlhwkwymsdrghnn1
Alimento Gato;500g;Whiskas;Pollo y Leche;8630;productos/evqlvnpzrlvjyxkikf2q
Alimento Perro;1.5K;Purina Cat Chow;Adultos Activos;23600;productos/nouh4phteznqqmxjotah
Alka-Seltzer;12 Tabletas;Bayer;Original;8270;productos/gr8tvlgwvazcfpdsk9mh
Alka-Seltzer;8 Sobres;Bayer;Extreme;8300;productos/zqmouojsjwgq6n6fxucr
Aloe Vera ;500ml;Tamesis ;;3900;productos/k19ju7wzugej8ubrkfbd
Anillos de Cebolla ;21g;Yupi;;1900;productos/cho0lvarh95415zrjuo3
Aperitivo;750ml;Convier;Triple Sec;37000;productos/zmp0jqzdrjpoqgyalgcn
Aperitivo ;375ml;Dubonnet;;27800;productos/kpuzejipzswp2on5vhsr
Apronax;274mg;Bayer;Liquid Gel;10800;productos/womgp7kjglm7kjkmgvlv
Arepas ;5u;Don Maiz ;Arepa Paisa ;6300;productos/wjiszzrv7suh1csgtq4l
Arequipe ;250g;Alpina ;;4700;productos/p92dnyfw0upk5bgihbqw
Arequipe ;500g;Alpina ;;8900;productos/k7sv74rwhwq10heiqbcw
Arequipe ;50g;Alpina ;;1500;productos/zz3rcrxnwlj3hirk70ot
Ariel;900g;Ariel;Doble Poder;8100;productos/y4mrd7uvz8eqtmveg1h6
Ariel;1000ml;Ariel;Regular Liquido;11800;productos/deldeul5amvbmdowbuav
Ariel;450g;Ariel;Regular;4100;productos/utiomrdiducvvaol6ryn
Aromatica ;20u;Hindu ;Cidron ;3200;productos/txqz9ithuomxshjyroko
Aromatica ;20u;Hindu ;Hierbabuena ;3200;productos/e0eghkfjd1rtypj8gcgc
Aromatica ;20u;Hindu ;Manzanilla ;3200;productos/y7bpin2yychckskl79fc
Aromatica ;25u;Gold Flower;Albahaca;1900;productos/xoeztfyh3ftanfkdweyr
Aromatica ;25u;Gold Flower;Toronjil;1900;productos/qkhsydlewtanqm6zwrqs
Aromaticas de Panela ;25u;Mas Aroma ;Frutas Exoticas ;5500;productos/hzs7ffbca0ej3b7mxim0
Arroz ;1K;Florhuila ;;4300;productos/bw5to4hnewexvlgf5reb
Arroz ;500g;Roa;;4300;productos/jlfbagywlxpksxc4c0tn
Arroz ;500g;Florhuila ;;2100;productos/m8b6lpkdnqjaviwgnwsq
Arveja Verde ;500g;Maritza;;2900;productos/nxxqe2twqprmpaq8tlmv
Arvejas ;195g;Zenu;;4900;productos/sgpwqbbd1thhbutyfhsj
Arvejas ;390g;Zenu;;3400;productos/sr7nz4lccns2qmbgwjxf
As Barra;350g;Dersa;Barra;2000;productos/job2fndtrlmnjvwry3ok
Aspirina;100mg;Bayer;Acido Acetilsalicilico;9320;productos/zae5kb1tkgwkxu7liyhj
Aspirina;500mg;Bayer;Efervescente;9300;productos/igl8tjczks0hokzaql0f
Atun ;110g;Alamar;En Aceite ;4700;productos/psbiuw0qrvafux6oeo2q
Atun ;110g;Alamar;En Agua;4700;productos/won1wkryt0jtpdc3szmj
Atun ;110g;Vikingos ;Agua;4500;productos/s9wcmgkjljjpcnwogvml
Atun ;170g;Isabel;Aceite Trozos de Atun;4400;productos/acyg3qpnknmnv1ju9kic
Atun ;175g;Isabel;Lomitos en Aceite ;4400;productos/flfhf8tki9jncvxqfdxf
Atun ;184g;Van Camps ;Lomitos Aceite ;5200;productos/qyejgpjdmnijcdsiojed
Atun ;184g;Van Camps ;Lomitos Agua ;5200;productos/a2kycxq6hqcfvi7z8tin
Atun ;3u;Van Camps ;Aceite de Oliva ;10900;productos/f1g1xkmkgzzs5jyotmil
Atun ;3u;Van Camps ;Lomitos Agua ;9900;productos/v2um6duwqm2bgtdyluob
Atun ;110.5g;Algusto ;Aceite ;3400;productos/ylxga2n6ilckbsgnvcsq
Atun ;150g;Van Camps ;Aceite de Oliva ;6200;productos/r1rixlycpjaluirak8tb
Atun ;150g;Van Camps ;Frijoles & Maiz ;6200;productos/tbcp4ktncbn5t4oqxsfv
Avena;250g;Alpina;Finesse ;2500;productos/zc2bpaut52l6kxolqwcx
Avena;250g;Alpina;Natural;2500;productos/kku7fvcbcj3a0yiqiw75
Avena;250 g;Alpina;Canela;2000;productos/iccrrcplvkfh60jcxhlf
Avena;250 g;Alpina;Deslactosada;2100;productos/j75if2dl0draet5oxsj7
Azucar;500g;Incauca ;Blanca ;1700;productos/eanb7ymegrv74nmmwl9o
Azucar;500g;Incauca ;Morena ;1700;productos/u6ujgf51hyaehioeudjl
Azucar ;1K;Manuelita ;;3900;productos/n8uymjmspkdsdycwyktb
Bacarles;750ml;Sanson;;18900;productos/gtmwye3ozpqde6eznwvu
Barquillos;45 g;Piazza;Vainilla ;1600;productos/kkkexufijmarcn77qzzm
Barquillos;45 g;Piazza;Fresa;1600;productos/rh47w8bg2as8w1xgi2y7
Barquillos;45 g;Piazza;Chocolate;1600;productos/gz6zekbfe2m4i3eurr6q
Barra de Cereal ;23g ;Tosh ;Avena y Almendras ;1900;productos/qwlzpazvcjf0krzdtbtf
Barra de Cereal ;23g ;Tosh ;Chocolate ;1900;productos/lcrwdn7asewysf4icwbr
Barra de Cereal ;23g ;Tosh ;Con Nueces ;1900;productos/igx1vnmvr1gt7isfwrku
Barra de Cereal ;23g ;Tosh ;Fresa;1900;productos/n3bozp73p5pdyorqcgiu
Barra de Cereal ;23g ;Tosh ;Mani y Pasas ;1900;productos/sw1mkn0acrk6obs6eqpc
Base;50g;Maggi;Carne Desmechada ;3200;productos/llmdf1mtbxbanhcofloo
Base;45g;Maggi;Gulash;3200;productos/nysxpb5rjdeezqnt6x1o
Base;45g;Maggi;Salsa Bechamel ;3200;productos/faorwmdcfly0nancl9ju
Base;80g;Maggi;Pollo Crispy;3200;productos/nadromzgmozspdfqswk2
Base de Salsa ;50g;Maggi;Bolognesa ;3500;productos/fhc6kkkuzndrwa4lfwoo
Base de Salsa ;50g;Maggi;Carbonara ;3500;productos/aewwyzwuwmtayrsxqqpl
Base de Salsa ;50g;Knorr;Napolitana ;3300;productos/kotagsumfz9krspiz7rt
Batilado;82g;Batilado;Fresa;2880;productos/k1dpuron1m0e6spfdokw
Batilado;82g;Batilado;Vainilla;2880;productos/fkhhio26f5mecdsxsjfh
Bebida en Polvo ;175g;Instacrem;Light ;6700;productos/pcw5xugtcmg37dvlgzgh
Bebida en Polvo ;200g;Chocolisto ;Chocolate ;3600;productos/cef52wx1wfksidjlagzf
Bebida en Polvo ;200g;Milo ;;7500;productos/ndsiglsi2yatreekc6jl
Bebida en Polvo ;200g;Nesquik;Chocolate;4700;productos/yjuxoon6kujjgdqmi4hl
Bebida en Polvo ;30g ;Suntea ;Te Limon ;2500;productos/wvrokmz4e1yf1dwrelnf
Bebida en Polvo ;30g ;Suntea ;Te Maracuya ;2500;productos/sqi7dun4vy22rust01of
Bebida en Polvo ;100g;Milo ;;3900;productos/vht5ze8eofoy8vhc03oc
Bebida en Polvo ;10g;Light Ya ;Frutas Tropicales;1200;productos/x0yt1sij5ttogexxw1ef
Bebida en Polvo ;10g;Light Ya ;Limon ;1200;productos/z9z6jl9ct2rsktazxbzh
Bebida en Polvo ;200g;Chocolisto ;Fresa ;3600;productos/yyqkapw6ufsl69eojgjy
Bebida en Polvo ;200g;Nesquik;Fresa ;4700;productos/lmkq28rbcx9ecn9siwxy
Bebida en Polvo ;266g;Suntea ;Te Durazno ;5500;productos/pdx9kirjze2q5c9nmcpj
Bebida en Polvo ;266g;Suntea ;Te Limon ;5500;productos/rrirj2wcbgec5hk4x1zg
Bebida en Polvo ;30g ;Nestea ;Te Splash Durazno ;1200;productos/m4gs33lhshmisyuyhxw8
Bebida en Polvo ;30g ;Nestea ;Te Splash Limon ;1200;productos/ymguzktwp3be1awqpq2i
Bebida en Polvo ;30g ;Suntea ;Te Manzana ;2500;productos/inqxcdkzjo8oezrfzldm
Bebida en Polvo ;400g;Milo ;;13900;productos/m851fvmk8mkh4k6yirdp
Bebida en Polvo ;450g;Nestea ;Te Classic Durazno;6900;productos/g71movyts3u5b89imacb
Bebida en Polvo ;450g;Nestea ;Te Classic Limon;6900;productos/k7yyx9yhpsoamaavpjbc
Bebida Hidratante ;500ml ;Gatorade;Frutas Tropicales;2900;productos/dsxhnnhggldjpfe3dpcb
Bebida Hidratante ;500ml;Gatorade;Mandarina ;2900;productos/d3r8ujxstoks8myrz5bt
Bebida Hidratante ;500ml;Gatorade;Maracuya;2900;productos/q03jw9awx7b3bjrd5zzg
Bebida Hidratante ;500ml;Gatorade;Uva;2900;productos/lqbp7z6i4d4jghxicsfm
Bebida Lactea ;100g;Yox;Defensis Fresa;1500;productos/xqwowohp59xbbkzr6fxa
Bebida Lactea ;100g;Yox;Defensis Melocoton ;1500;productos/ools4labup8gtbeglrr3
Bebida Lactea ;100g;Yox;Defensis Multifrutas;1500;productos/oizt6yx5jzizy3w1bzol
Bebida Lactea ;170g;Finesse;Con Musli;2900;productos/uofeonq7cdqtotcovabv
Betun;100g;Cherry;Negro;7700;productos/a5nnors8mlty16ucowg7
Bimboletes ;55g;Bimbo ;Vainilla ;1000;productos/sdicacylzleo7s8guij1
Bolsa Cierre ;25u;Reynolds;;10300;productos/ensdcufeje78gcflcmoh
Bon Bon Bum;Unidad;Bon Bon Bum;Fresa;400;productos/no9ir4hwesvppdf6n047
Bon Bon Bum;Unidad;Bon Bon Bum;Mandarina ;400;productos/bqdogfnnqgbtav3zphwz
Bon Bon Bum;24u;Bon Bon Bum;Rojo Fresa ;7400;productos/zrjulozldawgsb7d7q9w
Bon Bon Bum;24u;Bon Bon Bum;Surtido ;7400;productos/zhwaeiacgunlbrdtjpjl
Bon Bon Bum;Unidad;Bon Bon Bum;Limonada de Coco ;400;productos/fozs75n90uyrbyce251l
Bon Bon Bum;Unidad;Bon Bon Bum;Uva ;400;productos/rb02fvmwwt7b1nwzpxcr
Bon Bon Bum;24u;Bon Bon Bum;Blue Razz ;7400;productos/u9a6195ulogisp2ah7tv
Bon Bon Bum;24u;Bon Bon Bum;Limonada de Coco ;7400;productos/pzzzbnc2rlzhdmfm1yzd
Bon Bon Bum;24u;Bon Bon Bum;Sandia ;7400;productos/sohg9i6ioxqftys8pgeq
Bon Bon Bum;24u;Bon Bon Bum;Maracuya ;7400;productos/xllomlziy0ket5edwkkh
Bonfiest;6u;Bonfiest;Lua Plus ;10900;productos/gpbh4gixtagfaev6schd
Bonyurt;140g;Alpina;Galleta Triturada ;2100;productos/fpnrgncmxgcij2xcqepy
Bonyurt;161g;Alpina;Chokogozzo;2000;productos/fgck9epe26mmdmlxh1zx
Bonyurt;169g;Alpina;Choco Krispis;2800;productos/c8gsjepzjntl0equxkco
Bonyurt;169g;Alpina;Froots Loops;2800;productos/xyqdtfwszlrng1eu7q6x
Bonyurt;170g;Alpina;Zucaritas;2800;productos/hgplcm8xlbrxixesxijx
Bonyurt;169g;Alpina;Musli;2800;productos/ajy6nlgzhqwh9t3te9gk
Brandy;750ml;Domecq;;31950;productos/bcyaeq5gdt0mgkvquxjx
Brandy;750ml;Gran Prix;;47900;productos/mbnrz5ov7rnltuwir04h
Bronquisol;120ml;Jgb;Con Miel;12230;productos/dd7out8aaptnescjuz5w
Brownie ;50g;Mama-ia;Chocolate ;2400;productos/c9hwa5dchp3iotbd6wyq
Brownie ;50g;Mama-ia;Chocolate con Azucar;2400;productos/yx2qzhj2elvcmc2hihca
Brownie ;65g;Choco Brownie ;Arequipe ;1900;productos/elhxixyx5tznhhgrbdnz
Brownie ;70g;Mr Brown;Chocolate;2400;productos/z1b8ntatxtdevfao1bhw
Brownie ;80g;Mr Brown;Arequipe ;2400;productos/kzdkafabgtsv45icvf6a
Buscapina;10 Comprimidos;BI;Compositum;8420;productos/lc4flj5gleup3nev35tm
Cabello de Angel ;250g;Doria ;;2500;productos/asymr6prdmzont7qnxse
Caldo de Gallina;12u;Maggi;;3700;productos/dwwnh9y7qqmwp5x9piv0
Canela ;20g;El Rey ;;2500;productos/yjyqxduzadoc4lhmd9cu
Canela Molida ;50g;El Rey ;;1600;productos/pogw4cpcqjgplxr9sais
Caramelos ;100u;Coffee Delight ;;7500;productos/xsdc2fituwwojnznsebc
Caramelos ;25g;Sparkies;;1500;productos/hxm4olqbc7gtywffbtuu
Caramelos ;32g;Grissly ;;1500;productos/erextu3pct7n8drejj73
Caramelos ;46.7g;Nerds;Double Dipped;3500;productos/oxuwm35j40smfipmhol5
Caramelos ;46.7g;Nerds;Grape Strawberry ;3500;productos/pvtpnjz5m6zduhduz7mk
Caramelos ;46.7g;Nerds;Wild Cherry Watermelon ;3500;productos/nvnseylbcvsamcjtg4qc
Caramelos ;61.5g;Skittles;Original ;2500;productos/p8z9uf0ysrsahkree5ca
Caramelos ;61.5g;Skittles;Tropical ;2500;productos/tdmlk3ropvvu8zomic8x
Caramelos ;61.5g;Skittles;Wild Berry ;2500;productos/h5gx4syjvv0knhllzx7p
Caramelos Masticables ;25g;Efrutti ;Peach Rings ;2900;productos/pjviomjz8plqwezwqvgz
Carne de Diablo ;80g;Zenu;;3900;productos/nnnbnvbsvhnhgkh42nl0
Centrum;60 Tabletas;Wyeth CHC;Con Luteina;35500;productos/jpxovvlwhn0vt2v0290q
Cepillo de  Dientes;Unidad;Colgate;360 Sensitive;13890;productos/xz2ol8kekj4hajpwn0dv
Cepillo de  Dientes;Unidad;Pro;Doble Accion ;7400;productos/epgauwmyfd9syzrur2z0
Cepillo de  Dientes;Unidad;Colgate;Slim Soft 2x1;14300;productos/jvek4xhfm64bf2pajwas
Cepillo de  Dientes;Unidad;Oral-B;2x1 Pro-Salud;16500;productos/kjtzay8b6ersjjcenhsy
Cepillo de  Dientes;Unidad;Oral-B;2x1;14760;productos/aifuc2hgsoetainakrha
Cepillo de  Dientes;Unidad;Pro;2x1;9140;productos/mc0bq6x6ze8jwcahbrfo
Cepillo de Dientes;Unidad;Oral-B;Medio 40;16650;productos/epyzl6aalfsqbpkyimws
Cepillo de Dientes;Unidad;Pro;Deluxe;6600;productos/bigwfsxkczmaufvol63i
Cereal;300g;Musli;Melocoton ;7200;productos/m9ncs5fz6nzkrpybjpmx
Cereal ;320g;Chocho Krispis ;;10600;productos/yi2ucrbsptawevw1mims
Cereal ;400g;Special K Original ;Special K Original ;11300;productos/xc5dzjt0oeywzbvmokil
Cereal ;420g;Zucaritas ;;9600;productos/euvojcaxejzxnkk3irfj
Cereal ;200g;Corn Flakes;Original;5300;productos/rqipxqkj8iop4botjzgf
Cereal ;260g;Fitness;;9100;productos/hoob4amkc4qv9wtlk2aa
Cereal ;405g;Froot Loops;;15700;productos/jsvobzjgfl05cwh2jbyn
Cereal ;450g;Special K Original ;;10900;productos/dv1v23n31qxc60iduzgw
Cereal ;215g;Choco Pops;;9100;productos/n1lqajansxwrtj7xtva3
Cereal ;500g;Chocapic ;;15900;productos/fmzmveqvn39ycwqoj3oa
Cereal ;230 g;Trix;;8300;productos/rdvcvatpc6vm1uxirsld
Cerveza;330ml;Heineken;;6900;productos/n2hgjpwssnrpgjfzr5x3
Cerveza;355ml;Corona ;Extra;6900;productos/b7lstii4khecwjcuzkwf
Cerveza;330ml;Aguila ;Lata ;2500;productos/utvt6suxodhluqdqrk5c
Cerveza;330ml;Aguila Cero;Lata ;2500;productos/gxqqaudtn0pewe9lc7eu
Cerveza;330ml;Club Colombia ;Dorada Lata;2900;productos/ulligih7bs9jhqdm23ls
Cerveza;330ml;Club Colombia ;Negra Lata;2900;productos/anjzj3e5zmv2xlylomim
Cerveza;330ml;Club Colombia ;Roja Lata;2900;productos/ruu01dnup4s2aas5t18p
Cerveza;330ml;Lite ;Lata ;2800;productos/n1s7oiu4oapqgikhjhaa
Cerveza;330ml;Poker;Lata;2500;productos/f36i8nopdykh7llerc9k
Cheese Tris ;45g;Cheese Tris ;;1400;productos/ibvmeehorqossbm7jq2z
Cheetos ;40g;Cheetos ;Queso Cremoso ;1500;productos/qjnfvbbkiwacd9r2ypkv
Cheetos ;50g;Cheetos ;Horneados Trissitos;1500;productos/juxjpfgsthy67kgpttkp
Cheetos ;53g;Cheetos ;Horneados Mix Extra Queso ;1500;productos/avdulzpq0tsnkdsp1mql
Cheetos ;50g;Cheetos ;Horneados ;1500;productos/njcrzuhqhcsfdebufwws
Cheetos ;58g;Cheetos ;Horneados Maxi;2500;productos/lhqgnlycfphq3quzu0up
Cherry;750ml;Manischewitz;;39900;productos/bbvzlcqgvwm0ne5addek
Chicarron Americano ;13g;Jacks;Natural;1500;productos/ckramrf8bbrxgrniiktj
Chicles;12u;Adams;Canela ;1500;productos/tbcssexrcizczmp4qzjn
Chicles;12u;Adams;Menta;1500;productos/vzpfnzagvmxzgiyletrg
Chicles;12u;Adams;Tutti Frutti ;1500;productos/oqglafawlzp2n1fd7i2q
Chicles;12u;Trident ;Total Fresa;2900;productos/bzzlmwz4ppyky7tbxgvi
Chicles;12u;Trident ;Total Menta ;2900;productos/n6ppdndbjne0btlnstfj
Chicles;12u;Trident ;Total Yerbabuena ;2900;productos/xfh5al0mgdqhgpzdayt7
Chicles;14u;Trident ;London Cult Mint ;2900;productos/rk2qdocpezehj3o3o1vr
Chicles;14u;Trident ;Manhattan Night Mint ;2900;productos/szgmkjj5us43idiuitkc
Chicles;18u;Trident Sensations;Island Berry Lime ;2900;productos/ozchrkijujk1p4bz4t88
Chicles;18u;Trident ;Mint Bliss ;2900;productos/yvipuifx64w9njwkjzfz
Chicles;18u;Trident Sensations;Durazno Mango ;2900;productos/ijhxocew3al7wgpisn86
Chicles;8u;Trident Splash;Fresa con Limon ;2500;productos/r9rniiwpedreqzja6z2i
Chicles;18u;Trident ;Wintergreen;2900;productos/nhwlxcaoiohi6n6crppe
Chicles;6u;Trident Fresh;Intense ;1900;productos/oe3rboejdo3adeteod7t
Chicles;6u;Trident ;Menta;1500;productos/adoswl87u6pu0vxhvxb2
Chicles;6u;Trident ;Mora Azul ;1500;productos/tra9sda8ytl8ynmx1sx2
Chicles;6u;Trident ;Sandia ;1500;productos/yv8w0hpcii8rseabcxrw
Chicles;6u;Trident ;Total Menta ;1900;productos/qhclfmi2e4vcbutazsyo
Chicles;6u;Trident ;Tropical ;1500;productos/ftuilpvdkeeqrvox7i5p
Chicles;8u;Trident Splash;Menta con Vainilla ;2500;productos/cyvf6aokscrgzsevlgv7
Chicles;15u;Extra ;Classic Bubble ;4200;productos/mipjtpksfiu6z6yvnmz8
Chicles;15u;Extra ;Spearmint ;4200;productos/hb9fdnv6izdbhkyrfypu
Chicles;18u;Trident ;Watermelon Twist;2900;productos/cr3t3v8ednbyyyq2xbbz
Chicles;6u;Trident ;Yerbabuena ;1500;productos/r4ckfnlye7kalflmvkhq
Chiclets ;12u;Adams;Yerbabuena ;1500;productos/qg40hc2ykfnsem4ye8iw
Chiclets ;8u;Adams;Canela;1900;productos/q40s5um4o5pydc6ak8gg
Chiclets ;8u;Adams;Menta ;1900;productos/jkdgs6as5irurdno7lk6
Chiclets ;8u;Adams;Tutti Frutti ;1900;productos/n9djmnvgbwpzkuibebc2
Chile con Carne de Res;100g;Zenu ;;6500;productos/m5ryrzu5jcyeb8mddiod
Chocmelos;28g;Chocmelos;Mickey ;1500;productos/sjnrzrin5lkvgseclv18
Choco Break ;50u;Choco Break ;Ball;5700;productos/egcofvybxezca9mmwyz2
Chocolate ;250g;Corona ;Tradicional ;3100;productos/b1qug1hxgfhuvpx7r80c
Chocolate ;250g;Diana ;Clavos y Canela ;3400;productos/m6lygtmliw7iowlvsrku
Chocolate ;250g;Sol;Con Azucar;3400;productos/hsgbzvqbgqtkztdadu7m
Chocolate ;500g;Bogotano ;Chocolate de Mesa con Azucar ;6100;productos/ism3dmzwzmmrac7kd2th
Chocolate ;500g;Corona ;Tradicional ;5900;productos/mcebhaqhtxuwvqyzoatc
Chocolate ;500g;Diana ;Clavos y Canela ;5900;productos/meq3bntlhv82zirtpmza
Chocolate ;500g;Sol;Con Azucar;5900;productos/jmgifjlawxdxfxw0quvt
Chocolate ;248g;La Especial;Clavos y Canela con Azucar ;3400;productos/gadtzapzitvolarrph30
Chocolate ;248g;La Especial;Tradicional con Azucar ;3500;productos/atzrvamgmbqhrwgaty65
Chocolatina ;100g;Jumboo ;Mani ;4000;productos/n6tbnkdj1bqziyex7d1e
Chocolatina ;12g;Jet ;;500;productos/pqlau0tbyrx4oiipejti
Chocolatina ;22g;Jet ;Wafer ;1300;productos/zycegoffxmeu2hj8b54e
Chocolatina ;24g;Jet ;Blanca ;1400;productos/vfjvlmpjjyhlg8u1i6kb
Chocolatina ;30g ;Jet ;;1500;productos/ejmueyclsoaixncv3uhj
Chocolatina ;40g;Jumbo ;Mani ;2800;productos/ho64trdz1eiwrsqg5dil
Chocolatina ;52.7g;Snickers;;2500;productos/bmbk0ebokohykwwjheho
Chocolatina ;52g;Milky Way ;;2500;productos/cozfjonvuljlshuqu352
Chocolatina ;100g;Jumbo ;Almendras;4900;productos/k6mvgmiph7int5bxf76f
Chocolatina ;2u;Reeses ;;2900;productos/dovlaviyour9npml3ovt
Chocolatina ;43g;Kinder ;Bueno ;3200;productos/nswifo3qwycmv5r7sb5g
Chocolatina ;48g;Jumbo ;Flow Blanca ;1900;productos/bhujhjjswu5mmsvapadp
Chocolatina ;48g;Jumbo ;Flow Negra ;1900;productos/oqztnievg6mo2paeoctu
Chocolatina ;60g;Montblanc ;Almendras;4500;productos/t0vky6fptm5ghutevp4h
Chocolatina ;90g;Italo ;Fresa;2200;productos/dinxezrgnpryvpzsompu
Chocorramo;70g;Chocorramo;;1100;productos/p2aomevj4iwxiqbmjsyj
Chokis ;19g;Chokis ;;1500;productos/shhnbbtzkic37663xa68
Cholitos ;240g;Choclitos ;Limon XXL;3500;productos/kltpdjjmhmwg0jvhwmea
Cholitos ;29g;Choclitos ;Limon ;900;productos/mchgmnxhecfggbxcaobo
Chupeta;24u;Pirulito ;Leche ;4500;productos/hqtjhgcjapfs5vnpeo5x
Chupeta ;25u;Tipitin ;Leche ;2000;productos/i83ijwnjzfullgbgynkv
Cigarrillos ;10u;Belmont;;1900;productos/xhghhmau2x1rkdjreqzo
Cigarrillos ;10u;Kool;Blue;2500;productos/nikblqfozb1icftgykih
Cigarrillos ;10u;Kool;White;2500;productos/ovsyejv7hs3ixk7f3luy
Cigarrillos ;10u;Marlboro ;Gold;2500;productos/mep5mtcfk0zswsb3i2eq
Cigarrillos ;10u;Marlboro ;Ice Express;2500;productos/dbqbj7ugllb5t82laks4
Cigarrillos ;10u;Mustang;;1900;productos/anl3dlucdpoybekahctu
Cigarrillos ;20u;Kool;Blue;4900;productos/grynald9auty27ip1gh3
Cigarrillos ;20u;Kool;White;4900;productos/gvqjz9vy1ar4jjgwmaqu
Cigarrillos ;20u;Lucky Strike;;4900;productos/cnuziuvhhnnbxpw8qc40
Cigarrillos ;20u;Mustang ;;4000;productos/hq6bmugaipg1bx3xwgik
Cigarrillos ;18u;Piel Roja;;3200;productos/wtbcxw9dpu3e1nmgesdg
Cigarrillos ;20u;Belmont ;Blue ;4000;productos/jzbgr5rx5zg1z7flzcn2
Cigarrillos ;20u;Marlboro ;Gold Original ;4500;productos/hhayve1o4c6zaqnwlwg3
Cigarrillos ;20u;Marlboro ;Ice Xpress;4500;productos/samjr39dwgvzyuq87ofj
Cigarrillos ;20u;Marlboro ;Rojo;4500;productos/pp8oogtitxmwyftwm7yh
Cigarrillos ;10u;Marlboro ;Rojo;2500;productos/xu1s4w06gh3805hdvein
Clorox;1000 cm3;Clorox;Lavanda;3720;productos/sn02mdc6ecx0qc4m1akg
Clorox;1000 cm3;Clorox;Regular;3420;productos/vnevcaqj6xi4d0rt2cos
Clorox;1000 cm3;Clorox;Menta Fresca;3890;productos/fuvdzzxjelbmqsej8lzn
Cocoa Superior ;228g;Corona ;La de Siempre ;4300;productos/zvqbnkqdgitzhdvwaoct
Color;55g;El Rey ;;1200;productos/viqpkw7mhwuo1kgeigfa
Comida Perro ;1K;Purina Dog Chow;Adultos;10100;productos/o3bpej1eixwj31etzkvt
Comida Perro ;374g;Purina Dog Chow;Cordero y Arroz;7070;productos/j29ex67kvmqztnxebhba
Comida Perro ;374g;Purina Dog Chow;Pavo y Pollo;7070;productos/yp19ggdfge7gwhi99jyl
Comino ;55g;El Rey ;;2500;productos/qmmfi15s24tr7edbcn37
Compota;113g;Alpina;Pera;2340;productos/h6wzlhxn8b9pcbcfxcr8
Compota;113g;Heinz;Pera;2300;productos/dkatwonfvy4hkz75itfk
Compota;113g;Heinz;Coctel de Frutas;2300;productos/e3r9pv9ivafwvqhnfply
Compota;160g;San Jorge;Frutas Mixtas;2400;productos/lyzsbek9s6e3zjxeel4m
Compota;160g;San Jorge;Manzana;2400;productos/kc4o4vimve3cgykt0d1n
Compota;160g;San Jorge;Pera;2400;productos/x4njve4kq5r41b8acsxe
Condones;3u;Today;Hot Sensation;8900;productos/nx44bmyv5azgodesj7ln
Condones;3u;Today;Lubricado;9500;productos/khgjproi4mp7xzzulq8i
Condones;3u;Today;Punto G;8900;productos/y8vt4m38ct18txwjdbyg
Condones;3u;Today;Triple Pleasure;9500;productos/wwabwqrs4jaymjcfoqkm
Condones;3u;Today;Long Action;9050;productos/xnyihfcncj3wkpz1hmsy
Condones ;3u;M;Mayor Placer ;8900;productos/ojj3nzdfjuudppecpbmw
Condones ;3u;M;Natural;7600;productos/o5um6fapi4smc9e7gups
Copas ;50u;Generico ;Desechables;2500;productos/hib88vhjb57rblnqjni4
Crema;45g;La Sopera;Pollo con Verduras ;1900;productos/xthfmxeo5hjgodpukm7k
Crema;70g;Maggi;Pollo;2800;productos/jzsuqzr07tmu3ixn2p5n
Crema;46.5g;La Sopera;Verduras;1900;productos/j6nkhvlknhozwo8n6zbi
Crema;70g;Maggi;Marinera ;3300;productos/bke2w0stgjmbrv9trdxe
Crema;93g;La Sopera;Verduras;2900;productos/pvxoschsrip0fpyw9wxz
Crema ;76g;Maggi;Tomate;2800;productos/ivhufp2oylyaq1wdqdtq
Crema ;88g;La Sopera;Ajiaco ;2900;productos/smrpwnt7yqlkmd8tn3lh
Crema ;90g;La Sopera;Pollo;2900;productos/bot49xgpns4ufzo4fiyf
Crema ;41.5g;La Sopera;Ajiaco ;1900;productos/uxpqgt1vlpsn8yh8usyg
Crema ;45.5g;La Sopera;Mazorca;1900;productos/uaeomzjoqo0scfncjlv6
Crema  Dental;75ml;Colgate;Triple Accion;4300;productos/kvecawtj1qzatnuv6s4e
Crema de Leche ;125g;Alqueria;;3500;productos/m1cwx9qi4gozhwmiciyt
Crema de Leche ;250g;Alpina;;4900;productos/smxykmzuzmn6bxwfzluu
Crema de Leche ;295g;Nestle;;5900;productos/vk44nykfwfmr4dz1tsdm
Crema de Whisky;375ml;Baileys;Original ;25900;productos/rtpa6fig2vu7ibxyno2r
Crema de Whisky;750ml;Baileys;Original ;43900;productos/c95oibckbsypma9pb8e3
Crema de Whisky;300ml;Broadway;;19900;productos/t2plt5nhoxrx5prdgish
Crema de Whisky;750ml;Broadway;;29900;productos/ltnbmypml7smvjzcvbyu
Crema Dental;100ml x 3;Colgate;Triple Accion;12800;productos/xidtrmmbjiratp2tc6jl
Crema Dental;140g;Oral-B;3D White;10620;productos/qb34mxreh7hqrlkwgy6e
Crema Dental;150ml;Colgate;Menta Anticaries;7300;productos/a9a4r4ypfxpdoz4m12tj
Crema Dental;70g;Colgate;Luminous White;11260;productos/tusa6n5euevjxmvh8z9g
Crema Dental;75ml x 3;Colgate ;Triple Accion;8800;productos/tldzptqksvy9xf7pyo4g
Crema Dental;75ml x 3;Colgate;Econo Pack;7800;productos/uu8v8huiam9tujyyspva
Crema Dental;75ml;Colgate;Luminous White;8400;productos/zvcsjjngepbhdqgxxnn4
Crema Dental;75ml;Colgate;Total 12;8400;productos/vjiyx8hhfxymqhhevhi4
Crema Dental;75ml;Colgate;Triple Accion;7300;productos/fwf5qb1foigzf4sufnz0
Crema Dental ;100ml;Colgate ;Triple Accion ;4900;productos/ufk1ymbfnfblrvoe0hy9
Crispetas;161.25g;Act II;Caramelo ;4400;productos/ohopun0q0xy2926isc7g
Crispetas;91g;Act II;Mantequilla Extra ;2800;productos/q788nfyniir4guoxnt0m
Crispetas;91g;Act II;Mantequilla;2800;productos/ixi3v1xkq7zo7ymfcf9a
Crispetas ;96g;Act II;Queso Cheddar;4400;productos/hyvrx0ygr3fcbwchlyca
Crispetas ;91g;Act II;Natural;2800;productos/uo4mn4pswzeusvojnrah
Cucharas Desechables ;20u;Generico;;10500;productos/rpafrzt5q9ennzi3jcnu
Cuchillos Desechables;20u;Generico;;10500;productos/mkdfiewsbmp9gjyw9rpn
De Todito;37g;De Todito;BBQ 4;2000;productos/rhrjovpqaytjl8ki5d82
De Todito;37g;De Todito;Mayo con Mostaza 4;2000;productos/gajp8jnhornynd9gtgrh
De Todito;48g;De Todito;Criollo 4;3900;productos/jotoztmnx7rgr6ajl6y9
De Todito;48g;De Todito;Mix;2000;productos/nfdodnvsfsjmrrs9f4ap
De Todito;48g;De Todito;Paketon BBQ;2000;productos/opeajsu56tu1spvzvndg
De Todito;48g;De Todito;Paketon Natural;2000;productos/cu1oiy3lio7jzxwyltfd
De Todito;45g;De Todito;BBQ;1500;productos/m0jkehuefej4secikkl6
De Todito;48g;De Todito;4 Pollo ;2000;productos/cgjhe1tnk07mstwqatw2
Desodorante;45g;Speed Stick;Lady Wild Fressia;10380;productos/masd60cix1twsm3rhv0d
Desodorante;50g;Rexona;V8;12960;productos/xghfryrs3lsbnh3wwmof
Desodorante;50g;Speed Stick;Original;11090;productos/rsuivmwb0elnhtwg2hts
Desodorante;85g;Speed Stick;Original Gel;13880;productos/gayv3f2gduj7hqfoc8eb
Desodorante;50g;Axe;DarkTemtation;12960;productos/ve2apgdgljer70uqoja1
Desodorante;50g;Axe;Excite;13140;productos/tm72obfg4vdeedppdix2
Desodorante;50ml;Rexona;V8 Rollon;10660;productos/ctjj1mkfyudqlozlcfn5
Desodorante ;20g;Lady Speed Stick;Double Defense ;9200;productos/hi0bpxn3uz5qn0rfuvgr
Desodorante ;30ml;Rexona ;V8;9100;productos/m642qokfyn7ylgska2ur
Desodorante ;30ml;Rexona Women ;Bamboo;9100;productos/sn6wocsjwudmzh5jfwxt
Desodorante ;76g;Speed Stick;24/7;10100;productos/tlyrg2zwts0bajatodpy
Detergente;3000g;Dersa;Limon;13990;productos/qnuoztkzhlwoguk4a75m
Detergente As;1000g;Dersa;Limon;5080;productos/ijopbxyp4ihzah0qjdzl
Detergente As;1000g;Dersa;Floral;5080;productos/howocixegfkzz7ybkofi
Dioxogeno;120ml;Jgb;Antiseptico;2900;productos/jxmgztp8wqj85hhzhept
Dolex;8u;Dolex;Forte ;8200;productos/rosarh7iywmwa533pf12
Dolex Forte;8 Tabletas;Dolex;Dolor Fuerte;8780;productos/bwnvnz1pg96syqzdoxgt
Dolex Gripa;12 Tabletas;Dolex;Triple Accion;7000;productos/a8jkqmbzyemz3l9ob7rv
Doritos ;190g;Doritos ;Mega Queso;3500;productos/kup8gmbxjjozh3sbx14n
Doritos ;30g ;Doritos ;Queso Atrevido ;1300;productos/bdwpepktzzy9ibvvoscb
Doritos ;38g;Doritos;Mega Queso;1700;productos/beq6rgb7hajdsmn8nsby
Doritos ;38g;Doritos ;Noche Chili Picante ;1500;productos/am3zowrekstfv4xvczxy
Easy Off Bang;500ml;Virumec;Multiusos;10600;productos/vhpi4hkztwjidey09zfv
Emulsion de Scott;450cm3;Scott;Regular;17100;productos/wvfnzq4jeec8w60gyb2e
Emulsion de Scott;450cm3;Scott;Naranja;17100;productos/vy4r9znjolg00qjsrrmf
Encendedor;Unidad;Genrico;;1700;productos/zvdqqghhtanxxeeuy2ji
Encendedor;Unidad;Bic;;2000;productos/mkcxctqoewwhz0tltyes
Energizante;240ml;Vive 100;;2000;productos/wghp4dmlxixhfr031gyw
Energizante;250ml;Red Bull;;5500;productos/xn6i0bugcmmmlyprn2ww
Energizante;330ml;Peak;;3900;productos/traku2zn2dqt9zstttrn
Energizante;470ml;Vive 100;;2600;productos/qj1fmwvgeagzzymei9xi
Energizante;500ml;Monster ;;5400;productos/m28xe1qvp4izc6nqewdv
Energizante;250ml;Peak;;2200;productos/usppck45qpqltlttixpn
Energizante;250ml;Red Bull;Sugarfree;5500;productos/lcgizwueuxsg2nad7ww8
Energizante;500ml;Monster ;Bajo en Calorias ;5400;productos/fkxt6ahrmaadl7qmtoss
Enjuague Bucal ;360ml;Listerine ;Cool Mint ;15800;productos/wc5mlg8bxorjwokmucms
Enjuague Bucal ;180ml;Listerine;Cool Mint;8200;productos/smpctmces4cjjhdaphru
Enjuague Bucal ;360ml;Listerine;Control Calculo;15100;productos/ojyy8jvvq82ammo2o1at
Enjuague Bucal ;360ml;Listerine;Solucion;13300;productos/zkqqjr3e45bxlu1bbezq
Enjuague Bucal ;180ml;Listerine;Cuidado Total;10400;productos/e9nl1jx96rvuup1z0k9s
Enjuague Bucal ;180ml;Listerine;Solucion;8200;productos/x85whpfoynvnwrkfp8k2
Enjuague Bucal ;236ml;Listerine;Whitening;12900;productos/yu1ifgbqyop71khuv5js
Enjuague Bucal ;500ml;Listerine;Control Calculo;18000;productos/tss3y3kqw7mipnq9jfsy
Enjuague Bucal ;500ml;Listerine;Cuidado Total;20600;productos/sqzjua9onp3ds50z1bmp
Enjuague Bucal ;500ml;Listerine;Solucion;16900;productos/envebja4sgq9jskv1b4f
Ensalada de Vegetales ;195g;Zenu;;3200;productos/agimurrpflm76rw8qc2f
Esencia ;60ml;Royal;Vainilla Oscura;2400;productos/rjubi3zcbilkhk3vxjzu
Esencia ;60ml;Royal;Vainilla Clara;2400;productos/wixje8cffp3a5hteustq
Espuma de Afeitar;420ml;Jgb;Piel Normal;9750;productos/jk0bpxkxjgyp4qpelhtc
Espuma de Afeitar ;396g;Jgb;Piel Normal ;16900;productos/lx08ioywnzz3y4qrayvo
Fab;900g;Fab;Floral;7400;productos/mfsgsk4jyhk6nbte9t2y
Fab;1000ml;Fab;;9800;productos/ldxsf9obf7a6ldqpnzrv
Fab;1800g;Fab;Floral;12000;productos/slnghlli1n2we70aoefb
Fab Barra;300g;Fab;Multiusos;1600;productos/xpw6k9xey5yso9wqkiie
Fabuloso;1L;Fabuloso;Floral;5500;productos/h5hsa6iskjijf10n1iuj
Fabuloso;1L;Fabuloso;Lavanda;5500;productos/kkrjitnfccmlkvqeavoe
Fabuloso;1L;Fabuloso;Manzanilla;5500;productos/huejwqnjtxgqcfbolmux
Fabuloso;1L;Fabuloso;Pasion de Frutas;5500;productos/apunnl19csy2ofzflzff
Fideos ;250g;Doria ;;2500;productos/oo44xtemyfccb5611kdq
Frijol;500g;Maritza;;4200;productos/mmb7dvv8spvt6jzd2npn
Frijoles;500g;Generico;;1500;productos/qdoto0eshzgun1ndg3an
Galleta ;22g;Hanuta ;Avellana Cacao ;1900;productos/xykcwf9zangsgaya4dd4
Galletas ;12u;Festival ;Chocolate ;4900;productos/igfzvfyb4twd2wqgtvnk
Galletas ;12u;Festival ;Fresa;4900;productos/br1prqkyg0ypatvkgltp
Galletas ;12u;Festival ;Limon ;4900;productos/z7tgzeywawizurv0k7td
Galletas ;12u;Festival ;Vainilla ;4900;productos/lkl5pknnadxuhmdmn61z
Galletas ;168g;Club Social ;Queso Provolone ;3500;productos/fcgzkyp09zel1u9mwi4p
Galletas ;241g;Ducales ;;4900;productos/fea9qpcfh3lzgd3zp2wj
Galletas ;26g;Club Social ;Original ;1200;productos/lfysaumnklesmlpvuhm5
Galletas ;27g;Fitness ;Ajonjoli ;900;productos/ychqacxpfhlnn4amgegh
Galletas ;27g;Tosh ;Ajonjoli ;1200;productos/rq1ltwla1cxsvfpsnnts
Galletas ;28g;Bridge ;Fresa ;1300;productos/yiijio8zsljhgl6suxaj
Galletas ;28g;Bridge ;Vainilla;1300;productos/acpa4d8deeqiefhv23pv
Galletas ;300g;Saltin Noel ;Tradicional ;3300;productos/fcpkxav5zlrb8sdvwedg
Galletas ;30g ;Fitness ;Miel ;900;productos/u5b6gjj51kplhigvhwbr
Galletas ;30g ;Quaker ;Chocolate ;1200;productos/waddldzuyezddzb6xbv5
Galletas ;30g ;Quaker ;Uvas Pasas ;1200;productos/z2ostixih3ojozc7qfo6
Galletas ;30g ;Tosh ;Miel ;1200;productos/hbyppj8qgsosygih5ipb
Galletas ;33.6g;Festival ;Chocolate;700;productos/aedyxivbxxcxkdymzmvu
Galletas ;33.6g;Festival ;Fresa ;700;productos/alpoli9fb7kaxg03rmbn
Galletas ;33.6g;Festival ;Vainilla;700;productos/kicfjmz1ajbpjrvyhujs
Galletas ;36.4g;Milo ;Sandwich ;700;productos/qc3xnz2m4b6b376vsrjc
Galletas ;36g;Oreo ;;900;productos/nvrxcmgpf4s0dbs6wtxn
Galletas ;38g;La Lechera ;Sandwich ;700;productos/hykqpmdacmew60r15el3
Galletas ;40g;Cocosette ;Sandwich ;700;productos/kmvyuyde2dsjvk1nlkml
Galletas ;415g;Saltin Noel ;Integral ;2400;productos/evrurxihqjnzpdi5doah
Galletas ;9u;Club Social ;Integral ;3500;productos/n0fbs6m3wy59asxt3j8r
Galletas ;9u;Club Social ;Original ;3500;productos/tzxytavesiejqu94gxmc
Galletas ;12u ;Milo ;Sandwich ;4900;productos/mrixodkjfbslx2lbu2d5
Galletas ;12u;Cocosette ;Sandwich ;5500;productos/aijsfdu51x1ynifse02t
Galletas ;12u;Fitness ;Miel ;4900;productos/b2weweh2ageyxb86dggv
Galletas ;12u;La Lechera ;Sandwich ;4900;productos/z1xgi7cvhi22gadndscj
Galletas ;12u;Oreo ;;5500;productos/fynl2vqumei4ouylorsa
Galletas ;204g;Ritz;Sandwich ;5500;productos/mwfa9lxmedfsh3i4ck2q
Galletas ;28g;Bridge ;Chocolate ;1300;productos/sytjx1jamfzqrpaugx1s
Galletas ;6u;Quaker ;Granola ;4900;productos/llquioimev442djkyjmj
Galletas ;6u;Quaker ;Manzana y Canela ;4900;productos/uv2ka5xoqn4wpx20eazc
Galletas ;9u;Saltin Noel ;Tradicional ;4500;productos/p7j1ydoxh8k9o9kpvzng
Galletas ;9u;Tosh ;Ajonjoli ;4500;productos/fwrdy8fwitz9i1emxxlk
Galletas ;9u;Tosh ;Miel ;2900;productos/xi7ycwtcef7y2yrfhk2b
Gaseosa;1.5L;Coca Cola;;3800;productos/wurqz2cfvintkiyopdkc
Gaseosa;2.5L;Coca Cola;;4900;productos/lvivqzq8izu57bmlhgix
Gaseosa;2.5L;Postobon;Manzana;5900;productos/ks4yuk6ejq2yauv7bnj5
Gaseosa;2.5L;Postobon;Uva;6500;productos/rpphbmiwbcysdsk3gsxt
Gaseosa;600ml;Coca Cola;;2600;productos/junaqnreag1vzxx2rzcd
Gaseosa;1.5L;Pony Malta;;3500;productos/qxscbv8tvpsizig3r4o6
Gaseosa;330cc;Pony Malta;;1700;productos/nwe5yy8i3ywzisasquec
Gaseosa;1.4L;Cuatro ;Toronja;3500;productos/csrwze7mhusjvqgkgyfk
Gaseosa;1.4L;Sprite ;;3900;productos/qsv8tkjj3di52qvrm8i6
Gaseosa;1.5L;Postobon;Colombiana;3900;productos/i3kyiyvxyimn6o8ve7pj
Gaseosa;1.5L;Postobon;Manzana ;3500;productos/geunzdcgmii1ik5lq4li
Gaseosa;1.5L;7 Up ;;3500;productos/hbj4v9cjmwe2hs4zpnkt
Gaseosa;1.5L;Pepsi;;3500;productos/riij3zspo5xvtet5iib2
Gaseosa;2.5L;Postobon;Naranja ;5900;productos/dcrusrahid5sy3snnlsb
Gaseosa;250ml;Coca Cola;;1000;productos/hseeg7axonqu4ywwsbnl
Gaseosa;300ml;Postobon ;Colombiana ;1200;productos/sfydrmcful49vlnwnldu
Gaseosa;300ml;Pepsi;;2200;productos/id8hxcc6itqjao4mu4dx
Gaseosa;330ml;Coca Cola;;2000;productos/xi03n1pcbou8ei9axtak
Gaseosa;330ml;Coca Cola;Zero ;2000;productos/ez2ye7mt696kuksa1zs5
Gaseosa;3L;Cuatro ;Toronja ;5400;productos/mes7fx259tkde1kcg6bq
Gaseosa;3L;Sprite ;;3900;productos/ywkwavf4ksohh5lmda3l
Gaseosa;400ml;Cuatro ;Toronja ;2000;productos/s1fj2t33nfzfjvuh0ayr
Gaseosa;500ml;Sprite ;;2600;productos/imeq7gj4pu6pnswp0ods
Gaseosa;600ml;7 Up ;;2600;productos/njg3r11xijpc6gmd5j9f
Gaseosa;600ml;Postobon;Colombiana;2600;productos/dpdasjx0r9dzwuwbjz26
Gaseosa;600ml;Postobon ;Manzana ;2600;productos/sishigswdcsbtnv1jmi0
Gaseosa;600ml;Pepsi ;;2600;productos/visvvdsigtfnu3b3hhih
Gaseosa;2.5L;Coca Cola;Light;5300;productos/hxkpyan58uaqc7l3u6ou
Gaseosa;2.5L;Coca Cola;Light ;4900;productos/usdfheb7rte5ej4wuytt
Gaseosa;250ml;Sprite ;;1000;productos/zbw2ycab3ss4batamfmm
Gaseosa;3.5L;Big Cola ;Manzana ;5900;productos/jcvm69nd5duxtuueu1cr
Gaseosa;300ml;Postobon ;Manzana ;1200;productos/pqtcljsc9ocr3hmudmmt
Gaseosa;330ml;Coca Cola;Light ;2000;productos/jrydqht8gcfqlkttqsst
Gaseosa;400ml;Kola Roman ;;2000;productos/ew4xcgned3yyuldy6niq
Gaseosa;500ml;Mountain Dew ;;2200;productos/li6ourfhyfexaqfdgxsp
Gaseosa;500ml;Sprite ;Zero ;2200;productos/mfisht549twc270ntzzy
Gaseosa ;500ml;Coca Cola ;;2200;productos/tw4rzkpdxu2se8q8tcbx
Gaseosa ;600ml;Coca Cola ;Cero;2600;productos/qbjznai9wcbkegylfgkt
Gaseosa ;600ml;Coca Cola ;Light ;2600;productos/uvmb6kvzsz9nzn0p9nch
Gaseosa ;600ml;Coca Cola ;Light ;2600;productos/p1ee5ytj8ny5rva3ezvo
Gatsy;500g;Purina;CarneArroz;4410;productos/o7vxx2v8yhyndjiozf6q
Gatsy;500g;Purina;Pescado Arroz;4410;productos/ekjnihpduhfkjgdw3p8o
Gel;120ml;Ego;Extreme Max;2400;productos/lsfrmyad3mgovlhltgk2
Gel;240ml;Ego;Extreme Max;7300;productos/ig77dyerougi5wfukbzc
Gelatina ;40g;Royal ;Cereza;1900;productos/kwr16ixqlswlwllmx8tn
Gelatina ;40g;Royal ;Frambuesa ;1900;productos/vumtevsk245giumxgeg1
Gelatina ;40g;Royal ;Uva;1900;productos/izbpl7td1ljvxpm4s6ui
Gelatina ;85g;Gelhada ;Limon ;1900;productos/rjeemjscgz3spdtmlrtk
Ginebra ;750ml;Bombay Sapphire;;104000;productos/winrgevuycoaewedqecr
Ginebra ;700ml;Hendricks;;159000;productos/ch5jwoi6gjyflbeibika
Ginebra ;750ml;Bulldog;;104100;productos/n0uflgxi7pvpobmgcz4z
Ginebra ;750ml;Gordons;London Dry Gin;71900;productos/mq7zvmt7skfvuaimwpcc
Ginebra ;750ml;Tanqueray;;128000;productos/kuunz0jfgju2gizbwrug
Ginger ;300ml;Canada Dry ;;1600;productos/isuv5sp3cbouhkqzb1rv
Ginger ;1.5L;Canada Dry ;;3800;productos/kkyagdprvgzphiohxxyt
Ginger ;2.5L;Canada Dry ;;5700;productos/zwmhnjrlpekronm9avez
Ginger ;600ml;Canada Dry ;;2900;productos/kxxhjjiuhvkohfop5mxq
Golpe ;45g;Golpe ;Original ;1300;productos/bkxy8dxyefzokqigeaoh
Golpe ;45g;Golpe ;Limon ;1300;productos/h312fefj5vhzl1r5upf2
Gomitas ;12g;Trululu ;Oso ;400;productos/zenry5io0eiikihzjaso
Gomitas ;40g;Trululu ;Casquitos ;2900;productos/krlmnoko406khxd5yjrs
Gomitas ;90g;Trululu ;Sabores Originales;2900;productos/m0bniytqxr2o4zgc5fuk
Granola;300g;Tosh;Fresa;6600;productos/tjcjaz0deckpndjagi3f
Granola;300g;Tosh;Pasas ;9200;productos/vn1tqwkcd92u2emjts6n
Harina ;500g;Haz de Oros;;1800;productos/bhxplvni5a2zihqvrpx1
Harina Pan;1K;Pan;;3200;productos/h1fbnnhmztqilpwg5ig6
Harina Pan;500g;Pan;;2100;productos/uu9m5dp7qvvzh0h59x0q
Helado ;65g;Aloha;Kola;1500;productos/iqpkt2vn2yozjponaamw
Helado ;65g;Aloha;Uva-Naranja;1500;productos/yfir25dzbxti3ehpeijy
Helado ;88g;Bocatto;Macadamia;4400;productos/jpnymaw6pkmsypnchhc8
Helado ;88g;Bocatto;Fresa;4400;productos/s2frrmt8wdta1jkjil9c
Helado ;100g;Choco Cono;Grande;1200;productos/xn0ssboeq3crwny3s40w
Helado ;1u;Maxilatto;Arequipe ;2900;productos/mwy8wugcklopzxmqpbu6
Helado ;95g;Bocatto ;Vainilla y Fresa;2900;productos/mdt2ko5k41pwhotzhrwh
Helado ;88g;Helado Artesanal;Maracuya con Leche;1200;productos/w8eihwjthnxdzqryfknj
Helado ;88g;Helado Artesanal;Cocada;1200;productos/fadc65ygkuftuoxeon8l
Helado ;88g;Helado Artesanal;Postre Tres Leches;1200;productos/gxq36p7dsatokp6l1x5r
Helado ;65g;Platillo;Arequipe;1000;productos/xcx1irqr7k3msx35mfzx
Helado ;65g;Platillo;Vainilla Fresas Chocolate;1000;productos/zmjpoz50nqfe7dmy9myo
Helado ;65g;Platillo;Vainilla Pasas;1000;productos/ghm0tqgirailgqrq3vma
Helado ;78g;Polet;Alfajor;3310;productos/dzcgh2w2uaj3xjah21pe
Helado ;78g;Polet;Cerezas de chocolate;3310;productos/epmq3jy2m4e1svngz9yh
Helado ;78g;Polet;Cookies and Crem;3310;productos/dpflg8ru9lizbty7qqot
Helado ;78g;Polet;Frutos del Bosque;3310;productos/fej2y4awe79qxzrspfbn
Helado ;1L;Robin Hood;Almendra;20050;productos/peozbwynyjf6n32lk4z5
Helado ;1L;Robin Hood;Vainilla Gourmet;20050;productos/b583zctf1a0r92gv7vav
Hielo;1K;Genrico;;4500;productos/qcca9hkinqow3plfjqhw
Huevo Kinder;20g;Kinder;Sorpresa;3500;productos/mbmvykxsbnjem1hgdsqf
Huevos;12u;Generico;;3000;productos/ihd8olkyzxpfbbvnn1cp
Huevos;30u;Generico;;7500;productos/p2ex1wo6apxrobhafetp
Huevos;6u;Generico;;2000;productos/yo51taq9dkpymaljbbj5
Huevos ;12u;Santa Reyes;;7200;productos/bfn4dtcyspdzyei0dzvc
Huevos ;6u;Santa Reyes;;3000;productos/x8lfsz4uu3gowwhhvfeh
Ibuprofeno;400mg;Generica;;9000;productos/hibqliigebbtj940j3s3
Isodine;60ml;BI;Bucofaringeo;7890;productos/yskobizb9z5avjq0enyu
Jabon;125g;Lux;Toque de Vino;5000;productos/t2eaukdosrymgvb4dtwn
Jabon;130g;Protex;Aloe;6000;productos/jf6qekep8fnabkythbha
Jabon;125g;Lux;Refrescate;5000;productos/vbkkvct9t7pqt7mhpkea
Jabon ;110g;Lux;Suavidad de Petalos ;2900;productos/wwc8qgo1qsx232t8z4tr
Jabon ;125g;Rexona ;Nutrive;2900;productos/t0rjsc3yrpqqednst4dn
Jabon Cocina ;500g;Axion;Limon;3990;productos/hjmvztbnhhl13ogawxri
Jabon Cocina ;900g;Axion;Limon;7650;productos/fvmcthlcmohgcyuaqpv8
Jabon Cocina ;400ml;Axion;Limon Liquido;4940;productos/vlswb8pxjxj7vuq5pih9
Jabon Cocina ;450g;Axion;Aloe;3990;productos/scjmbxmvksspycpw71i1
Jabon Cocina ;450g;Axion;Avena;4200;productos/sz52jblbe7iuwcf5g1sn
Jabon Cocina ;750ml;Axion;Adios Olores;9700;productos/sdkdcxwigbtwjdkheiqp
Jabon Cocina ;750ml;Axion;Complete;9080;productos/rkzgcdxtumpmmjt2bylg
Jabon Cocina ;750ml;Axion;Limon;9000;productos/sqxjrnlppl0ioycuwlfc
Jabon Coco;300g;Varela;Blanco;2900;productos/qchqp9tnfhzyxg5j5cq6
Jabon Coco;450 cm3;Varela;Liquido;4880;productos/pfk8uv1pr08lzcrqfd07
Jabon Fab;300g;Unilever;Multiusos Floral;1600;productos/w6ujluvwvfoalft1alcj
Jabon Fab;300g;Unilever;Multiusos;1600;productos/vxpkz30oov9pbi1e93rw
Jabon Liquido;221ml;Protex;Aloe;6320;productos/tbx88ly0ob0opxows5ci
Jabon Liquido;300ml;Bacterion;Antibacterial;7350;productos/ljwo8icfpkfgkijppu4p
Jabon Puro;235g;Puro;Fuerza Azul;1232;productos/hgwj8oocsojwtbts0mys
Jabon Rey;300g;Rey;Regular;1420;productos/sdjujlxhnmho3fftded4
Jamon;450g;Pietran;;12400;productos/nypu0pyo1mq9srcrlpnx
Jamon de Pavo ;225g;Pietran ;;11600;productos/g4wyqudopormmytuz6dq
Jarabe ;355ml;Aunt Jemima ;Original ;11800;productos/e1ptftrrsplhto2gjfvz
Jugo ;1L;Tampico;Naranja;4100;productos/k8hxoenwqqvftiiqh82w
Jugo ;2.5L;Del Valle ;Mandarina ;3700;productos/odn2v7ftwmyhuvjfqsyv
Jugo ;2.5L;Del Valle ;Naranja ;3700;productos/j3hkqfmvewsdhep0saqr
Jugo ;200ml;Frutto ;Durazno ;1500;productos/eyhznemk5q8b9dxp2yvg
Jugo ;200ml;Frutto ;Mango ;1500;productos/hqcmjiwcxvocbvslx3cq
Jugo ;200ml;Frutto ;Pera;1500;productos/yp1apsar02kraiuexbmp
Jugo ;200ml;Hit ;Mora ;1300;productos/u98f1zeyt5zplvp0nur6
Jugo ;237ml;Hit ;Mango ;1500;productos/gbuxs3yhpeovn7b31y3a
Jugo ;237ml;Hit ;Mora ;1500;productos/w8lv55lpbhjqwkqbze97
Jugo ;237ml;Soka ;Fresa ;1400;productos/oi1dty2b3xcbxmumamky
Jugo ;237ml;Soka ;Lulo ;1400;productos/lgfgj0b31xlkemdlxazl
Jugo ;237ml;Soka ;Mango ;1400;productos/lzfpclwr8ipsifogmdzf
Jugo ;237ml;Soka ;Maracuya;1400;productos/twb99orchnshmuohiipx
Jugo ;2L;Tangelo ;Naranja;5000;productos/uasjazbdivyw72asudw9
Jugo ;300ml;Soka ;Mora;1700;productos/vpqnf5k1rfycqeropqw5
Jugo ;400ml;Del Valle ;Naranja ;2000;productos/a5zslla42zna6kavzwhs
Jugo ;450ml;Tangelo ;;2200;productos/j6txbopu75ccvfd8yqvd
Jugo ;500ml;Hit ;Frutas Tropicales;2200;productos/mu4wq7yb6wx0a8bshp3z
Jugo ;500ml;Hit ;Lulo ;2200;productos/gn5uijn0zp6gnrk750tb
Jugo ;500ml;Hit ;Mango ;2200;productos/b1byue3unqkbvcmg8fth
Jugo ;600ml;Del Valle ;Naranja ;2000;productos/g8agsrddw038ssh0bn0f
Jugo ;237ml;California ;Uva ;2100;productos/qsgtqb5by91grctoqlez
Jugo ;1.75L;Country Hill ;Naranja ;10700;productos/hipo3xmccftgzle0ssgl
Jugo ;1L;Frutto ;Durazno ;4700;productos/kvxfleejgjn1enb2r7t8
Jugo ;1L;Frutto ;Manzana ;4700;productos/xd3uasn9xhjiqybnv9zn
Jugo ;1L;Frutto ;Pera;4700;productos/deqnstv2ww7ad3oq2egf
Jugo ;1L;Soka ;Maracuya ;3600;productos/mnv8efjjh696c8hcbkof
Jugo ;1L;Soka ;Mora ;3600;productos/tmzqejiq5cs0zgtqyc93
Jugo ;200ml;Ades;Manzana ;5400;productos/xpvgmejmorbaj7kx6uhg
Jugo ;200ml;Frutto ;Botella Durazno ;1500;productos/nhb7j3zmgbfoyqmedhhv
Jugo ;200ml;Frutto ;Botella Manzana ;1500;productos/r4egjuvodgt43d64ondl
Jugo ;200ml;Frutto ;Botella Pera;1500;productos/y5npeoyklhjwd7eslzhm
Jugo ;200ml;Frutto ;Manzana ;1500;productos/adhqt3gvy3mdaglhuxn4
Jugo ;200ml;Tangelo ;;1800;productos/x2pnsfacnnu3ap5plwjk
Jugo ;300ml;Del Valle ;Mango ;1600;productos/fah5na2lgqyi4yusta4c
Jugo ;300ml;Del Valle ;Mora ;1600;productos/bkuvdccc2tcegmenug84
Jugo ;300ml;Soka ;Mango Light ;1500;productos/fa7w2u54upikxrqrel4k
Jugo ;300ml;Soka ;Maracuya;1700;productos/ynphnmra8ejqhnanitcn
Jugo ;400ml;Del Valle ;Limon ;2000;productos/jmus2kehjz0rnhulxwvq
Kekito ;50g;Bimbo ;Gotas de Chocolate ;2300;productos/c5gj71koftfkyfhap93x
Kekito ;50g;Bimbo ;Vainilla ;2300;productos/n9bodqc0lnqxtben3g2d
Kumis;200g;Alpina;;2900;productos/z2hsmhkgpsnc5dr9amso
Leche ;1.1L;Alpina ;Deslactosada Descremada ;2700;productos/mddtje055b68bab8hqth
Leche ;1.1L;Alpina ;Entera;2700;productos/fjrapjeww9sow3nwydxi
Leche ;1.1L;Alqueria ;Deslactosada ;4000;productos/un6tsfdjuufyvja0kzx0
Leche ;1.1L;Alqueria ;Entera;3900;productos/xvilpywgnx5socsav07n
Leche ;1.3L;Alqueria ;Deslactosada ;4400;productos/edppbbbtnki9yzfnvxrb
Leche ;1.3L;Alqueria ;Entera;3400;productos/vb0qp1shvuxpyr0rzlzm
Leche ;1L ;Alqueria ;0 Grasa Caja ;3400;productos/b32q3fjsge29iotxncdj
Leche ;1L ;Alqueria ;Deslactosada Caja;3500;productos/rbwj3kbawrlxtotwxsw3
Leche ;1L ;Alqueria ;Digestive Deslactosada Caja;3400;productos/gisaqi0gz4ob1u1cxhf0
Leche ;1L;Alpina ;Deslactosada Caja;3700;productos/hp8ftyfrtt9rotkdl8pc
Leche ;1L;Alpina ;Enriquecida Caja;3500;productos/jnntajjcd7xxlkiu7dom
Leche ;1L;Alpina ;Entera Caja ;3600;productos/qk1mhldxue8a7h3yw8fl
Leche ;1L;Alpina ;Semi Descremada Caja ;3700;productos/qeeejjq3ckouionkiohz
Leche ;1L;Alqueria ;Entera;3800;productos/mmasfoyxwlulqguf7t8x
Leche ;1L;Colanta;Deslactosada Caja;2700;productos/yciqkxwzvtowypiyzjyc
Leche ;1L;Colanta;Entera Caja ;2700;productos/mhobzfjnvhj8pwqlfbeo
Leche ;1L;Colanta;Slight Deslactosada Caja;2700;productos/jmupa3pvxivd0mbxx0qm
Leche ;1.1L;Alpina ;Deslactosada ;4000;productos/l4kpitdmy46sbyt0qdns
Leche ;150ml;Alpina ;Deslactosada Caja ;2000;productos/j3rubcgbrjyohnrbcc3k
Leche ;200ml;Alpina ;Entera Caja ;2100;productos/esmnwktfm93jctaqoskn
Leche Condensada;300g;La Lechera;;5000;productos/o3sgiqcnk423yo1etomc
Leche Condensada;395g;La Lechera;;6500;productos/xmevbvbqrgua1u7i3mod
Leche de Magnesia;120ml;MK;Tradicional;3110;productos/vmrgmqwd1k3aychevfgr
Leche de Soya ;1L;Ades;;5900;productos/liscbgn5v9s8xwpwmv1w
Leche de Soya ;946ml;Silk ;Vainilla Caja ;11000;productos/cpt0bwaa0shrhwfayzqk
Leche en Polvo;500g;Klim;1+;14160;productos/dcuctdedqvw5djlfq9wl
Leche en Polvo;500g;Klim;Fortificada;10920;productos/bwoijiqht5y2cxdkuaxc
Leche en Polvo;360g;Klim;Fortificada;7390;productos/g6hzzylvjwjxpl2pzr9w
Leche en Polvo;400g;Klim;Fortificada;11830;productos/ue3rlhpdyklkecwnkoma
Leche en Polvo;780g;Klim;Deslactosada;17800;productos/bonqeion1jbfbnh7rgsh
Leche en Polvo ;1700g;Klim ;1+;42000;productos/nrsnzgktpj5cxd8nxv8v
Leche en Polvo ;364g;Klim ;Nutri Rinde ;8600;productos/jl96ppzedjglspdaw0lb
Leche en Polvo ;104g;Klim ;Nutri Rinde ;2900;productos/rfuvmaypj6no1iwjhfr6
Leche Saborizada ;200ml;Alpin ;Chocolate ;2200;productos/mcarmuhe44ai91713ip9
Leche Saborizada ;200ml;Alpin ;Fresa ;2200;productos/conre6wwf4nbhz5xojww
Leche Saborizada ;200ml;Alpin ;Vainilla;2200;productos/j949cq64rpxdkivwcafe
Lentejas;500g;Generico;;1500;productos/t1naslwn7ynfaamhzrcf
Lentejas;500g;Maritza;;2900;productos/kvl61wo52jsuk0vp8c46
Limpido;450ml;Limpido;Multiusos Limon;3490;productos/kwqssolnpinc6rb8tplu
Limpido;450ml;Limpido;Multiusos;3490;productos/b8xnibyybkoqzbe0ygxy
M&M;48g;M&M;Chocolate ;2500;productos/q3dgipjxdi5xuktpierh
M&M;50g;M&M;Peanut;2500;productos/sled1h93jxapsjzlsuwf
Macarron ;250g;Doria ;;2500;productos/buayupnvb80ik0s8otam
Maiz Tierno;248g;Zenu;;5500;productos/sbcnznfs5h25yi5btah6
Maiz Tierno;437.5g;Zenu;;5500;productos/w8tawkfjnc5lnja1fgqp
Maizena;30g;Maizena;Arequipe ;1900;productos/k6fp8vk0dhz42pozdeiv
Maizena;30g;Maizena;Vainilla ;1900;productos/j59lavgwzt7ozhhvpfbl
Maizena;90g;Maizena;La Original;2500;productos/luw0p2k0w2hrrpn6anmu
Maizitos ;30g ;Maizitos ;Naturales ;1000;productos/z9hohedvsehsdxkcy5jw
Malvaviscos ;335g;Angelitos ;;7500;productos/pmruytas0xeifiybmxpf
Mani;200g;La Especial;Con Pasas ;6900;productos/mvw13gnnrqh48mpetpha
Mani;200g;La Especial;Mezcla con Maiz Tostado, Confitado, Almendras y Arandanos;6900;productos/l58rtiog2kjksy0lqijq
Mani;200g;La Especial;Sal ;6900;productos/edjdwtwnyxdd85ig1j7g
Mani;50g;La Especial;Sal ;1600;productos/z1jvkrqzn7ezlbokg7uj
Mani;40 g;La Especial;Tostado ;1600;productos/cwlonywvzuj7zr2qeqmm
Mani;50g;La Especial;Con Pasas ;1600;productos/dtiyiu1kunaeblhcpjos
Mani ;25g;El Manicero ;Con Sal ;900;productos/rzxh3a4chwttg41xo9fd
Mani Moto ;40g;Mani Moto ;;800;productos/yrfic6gmppuwyearexup
Mani Moto ;38g;Mani Moto ;Limon;800;productos/tkm806xgf2f38eppfdp1
Mantequilla ;125g;Alpina;Con Sal;2100;productos/g9vbm7ml2yjevig0h6wj
Mantequilla ;125g;Alpina;Sin Sal;2900;productos/xnxg2nmpvrxojieudfzo
Maquina de Afeitar;2u;Gillete;Prestobarba 3;10940;productos/a6th0nkxyefxrow22clx
Maquina de Afeitar;2u;Gillete;Prestobarba Excel Mujer;9380;productos/nnkeixi8pmcykc8p3vqf
Maquina de Afeitar;Unidad;Gillete;Match 3;12110;productos/xho0t7u6zgft3flbz8wg
Maquina de Afeitar;Unidad;Gillete;Ultragrip;2600;productos/khrczsaidra1uaf8g1bk
Maquina de Afeitar;3u;Gillete;Prestobarba 3;21850;productos/yz94nhha49awmk0t1e9m
Margarina;250g;La Fina;;3100;productos/ra0uccqcmn9nueminvgz
Margarina;500g;La Fina;;9900;productos/kqccbn6jovvdsei7zzpn
Margarina ;250 g;Rama;Con Sal;7800;productos/jyhme2fvdfslfrzxjpeq
Margarina ;250g;Rama ;Line ;5000;productos/schaxujf5rxame466n7z
Masmelos ;35g;Millows ;;3300;productos/ml9xqfjdwyo0xq8l7vlp
Masmelos ;50g;Italo ;;1900;productos/an98awagnhp3bgcrq1qe
Mayonesa;200g;Fruco ;;4400;productos/fgjqlq29yi8w51kpk4jg
Mayonesa;200g;La Constancia ;;3900;productos/p4tdfcesz5ri7cyosggl
Menta ;17g ;Halls XS;Mentho Lyptus ;1800;productos/lqc48wjqcpmynkzat9zm
Menta ;16g;Tic Tac ;Naranja ;1800;productos/utl5eblovjlffjnhbeem
Menta ;17g ;Halls XS;Cherry Lyptus ;1800;productos/nsoixvdcj9kr2rzaq30b
Menta ;17g ;Halls XS;Strong Lyptus ;1800;productos/to2vgyuebeb1kuk6z3zs
Menta ;barra ;Halls ;Cereza Lyptus ;1200;productos/ex7wmdkgbxeqrgolatmb
Menta ;barra ;Halls ;Menta Fresca ;1200;productos/gxi9rt7d4gbzbrkfjcxm
Menta ;barra ;Halls ;Mentho Lyptus ;1200;productos/onbnqkabrh3bgkvsh375
Menta ;barra ;Halls ;Sandia ;1200;productos/ipogt5bup3wi4polnthf
Menta ;barra ;Halls ;Strong Lyptus ;1200;productos/ojtki233t2iupwbx9fmu
Menta ;14u;Orbit ;Menta ;3000;productos/lcrmk6efrry72uutyzrb
Menta ;14u;Orbit ;Menta Verde ;3000;productos/vsxxq6y1arveb9jrhr5m
Menta ;16g;Tic Tac ;Cherry Passion ;1800;productos/i2n58yzd0slgfoflq5fn
Menta ;16g;Tic Tac ;Tomenta;1800;productos/rtsqd0mjpo03cjajzcxg
Menta ;100u;Menta Helada ;Xtime ;5900;productos/rahd3kjdgmzl8rkklkkl
Mermelada ;90g;La Constancia ;Fresa ;3900;productos/bibtpj5bcl3ciwtswk65
Mermelada ;220g;California ;Fresa ;2750;productos/sm3tfjpkj8ukvbcp1igy
Mermelada ;370g;Confiture Bonne Maman;Fresa;15500;productos/fug6qgcvo1cajky8a1i8
Mermelada ;370g;Confiture Bonne Maman;Gerises Griottes;15500;productos/njhe8wjyuatdeus0imym
Mostaza;200g;Fruco ;;3300;productos/marxxpu3wgu08mflnjka
Mostaza;90g;La Constancia ;;2900;productos/hlt2ftzhkeszdg78ppjv
Mr. Musculo;500ml;Mr. Musculo;Cocina ;5100;productos/rolc9fxux1w2c2mykfl7
Natilla;340g;Maizena;;6500;productos/l3ojyfcc6rxgh3gbj0w3
Nectar ;215ml;California ;Durazno ;2000;productos/boyxynvt6mbz6okqzwl5
Nectar ;215ml;California ;Manzana ;2000;productos/i4vp6jl1staxxainlyi7
Nectar ;237ml;Hit Vital ;Durazno ;1900;productos/qcwwuklgppnqjzv4ehzq
Nectar ;237ml;Hit Vital ;Manzana ;1900;productos/tlygir3xx52iggfnooat
Nectar ;237ml;Hit Vital ;Pera;1900;productos/majogvp94guqly1vhova
Nectar ;215ml;California ;Tomate ;2500;productos/uqvojsd6ufd7to6mhsja
Nectar ;900ml;California ;Durazno ;4600;productos/emdoce28svyhydtum0hy
Nectar ;900ml;California ;Pera;4600;productos/rp6zv9mktc877hppxvqt
Nectar ;900ml;California ;Tomate ;6800;productos/wivdluqvue4iveposnhr
Noraver ;8u;Noraver ;Gripa ;8100;productos/aiiebjxlyb7aaioflz67
Noraver Garganta;12 Pastillas;TQ;Cereza;10720;productos/vutmnjtcnnqqqsi9qafl
Noraver Garganta;12 Pastillas;TQ;Menta;10480;productos/bstcssbemsykobewolai
Noraver Garganta;12 Pastillas;TQ;Naranja/Miel;10720;productos/l2cvyi2gl7hayadsurov
Noraver Garganta ;12u;Noraver ;Pastillas Cereza;10500;productos/oo0ngwfp0evkjlzmi9sy
Noraver Garganta ;12u;Noraver ;Pastillas Naranja Miel;10500;productos/fy47g7o5neuhmops67bf
Noraver Gripa;8 Capsulas;TQ;;7640;productos/ignlhduvtqhfg793ouuc
Nosotras;10u;Nosotras;Invisible Rapigel;10520;productos/zfcmoe5vppvuqgubuzid
Nosotras;10u;Nosotras;Tanga Brasilera;10520;productos/zu2b3snndtzyifronx1t
Nosotras;15u;Nosotras;Diarios;2460;productos/vjwsstt4hd6wzyofcbvo
Nosotras;20u;Nosotras;Normal Rapisec;9730;productos/zptkalfdxpzmko8bd5cu
Nosotras;8u;Nosotras;Natural;7950;productos/zudytztjsssssw9iwmac
Nosotras;8u;Nosotras;Ultra Invisible;8420;productos/aqmrtozx35oco3uuvc9r
Noxpirin;12 Capsulas;Farm;;9500;productos/xotnaar83uk4sr4geoax
Nucita ;14g;Nucita ;;500;productos/j4s4r7eay2zf0yvzhzfg
Nueces ;50g;La Especial;;1600;productos/pzkhvtwdfqbolgnovmqg
Nuggets ;40g;Milo ;Cholocate ;2500;productos/c1lhvmkrvfhvwu6i54bo
Nutella ;100g;Nutella ;Avellanas con Cacao y Leche ;14300;productos/ecyc4nkkq7vnukiqedqd
Nutella ;52g;Nutella ;& Go ;8500;productos/cxveiyh8f9qa7oxngn73
Okey;300mg;NaturMedik;;35800;productos/xwzxikomhtcixeiknlzi
Oregano ;10g;El Rey ;;1900;productos/jkd1qfakgyx1gjozozde
Palomitas ;68g;Yupi;Caramelo ;1900;productos/mex7x0qtjwvm4axqjfq7
Pan Integral ;500g;Bimbo ;;4500;productos/mfv2wutasbwyh6ib7lnt
Pan Perro ;6u;Bimbo ;;2500;productos/vuwrtsgd4bdr2jtfmt7m
Pan Tajado;700g;Comapan;Economico 28 und;4500;productos/lf7wj0k7bucu5sm99mjj
Pan Tajado ;350g;Bimbo ;Blanco ;2900;productos/uzolnfjahlkp8eouez95
Pan Tajado ;470g;Bimbo ;Blanco ;4800;productos/csqoyisdzy8cao1rsy7b
Pan Tajado ;550g;Santa Clara ;Extralargo;3300;productos/jr7c8vms4ijkxxlgi5bp
Pan Tajado ;580g;Bimbo ;Blanco ;5800;productos/kkxowod6ve72jrszyoyo
Panela ;unidad;Generico;;2000;productos/iifmwz7pxelrs4o15vwv
Papas;30g ;Margarita ;BBQ;1700;productos/xxflkzmyarizg8lffwgz
Papas;30g ;Margarita ;Limon ;1700;productos/cx97tgocuq3e6tmey6dw
Papas;30g ;Margarita ;Natural ;1700;productos/wqx7lrkofrtqjxfqtuyz
Papas;32g;Margarita ;Onduladas Crema y Especias ;1900;productos/dksedotbzueo6phqybzj
Papas;32g;Margarita ;Onduladas Tomate ;1700;productos/mgfp9ztuxsikrvnbuful
Papas;40g;Margarita ;Receta Clasica Sal ;1500;productos/wzfc3mmft95pvdrl2fol
Papas;40g;Margarita ;Receta Clasica Alitas BBQ;1500;productos/ctcsq4gonxyeummvvobx
Papas;30g ;Margarita ;Natural ;1700;productos/yytyjhbdqrlebayyq1ao
Papas ;110g;Margarita ;Onduladas Tomate ;3900;productos/d1hikkbsuj6ke4tkkm8t
Papas ;115g;Margarita ;Limon;3900;productos/hmv1ndbgmusx8za2kioj
Papas ;115g;Margarita ;Natural ;3900;productos/esjbkutuomu37viwok3y
Papas ;115g;Margarita ;Pollo ;3900;productos/uxqcvidtsev6ggayi27q
Papas ;115g;Rizadas ;Mayonesa;3900;productos/whp4du0i23qmzhjinwby
Papas ;115g;Rizadas ;Pollo ;2700;productos/renmoq98b10txcxdxtav
Papas ;137g;Pringles;Original ;6200;productos/i1koavwbeeepu4lvnlyn
Papas ;137g;Pringles;Queso ;6200;productos/akzdlz364qwh4wqja3oh
Papas ;160g;Todo Rico;Original ;4500;productos/qhkebywgfbhvpes4095x
Papas ;30g ;Margarita ;Pollo ;1700;productos/ygyqodtt3dkn2uw7jdgu
Papas ;30g ;Rizadas ;Limon ;1700;productos/qhs4rwnpoainrgjzmcj6
Papas ;30g ;Rizadas ;Natural;1500;productos/cfhnjyvdzwnvjdnaegsm
Papas ;30g ;Rizadas ;Pollo ;1700;productos/gdmy6kisgyqe1jsq02ni
Papas ;30g ;Super Ricas;Limon;2500;productos/bixoan6ngoclecttnw6r
Papas ;30g ;Super Ricas;Natural ;2500;productos/bfe3x59y8tuawu1g4v3p
Papas ;30g ;Super Ricas;Pollo ;2500;productos/uqfhvxoihnypdqgejqhb
Papas ;40g;Pringles;Crema y Cebolla ;2500;productos/une8fj7idtsijcb5ov7b
Papas ;40g;Pringles;Original ;2500;productos/luueafw1cvhkh0nvga5f
Papas ;40g;Pringles;Queso ;2500;productos/y5gld76dawhn3foudmkk
Papas ;45g;Todo Rico;Bar B Q ;2000;productos/rrl3qmfezdatsgqs16zw
Papas ;45g;Todo Rico;Criollo ;2000;productos/u0gjvrr22mfgccv6m4xd
Papas ;200g;Fosoritos ;;1900;productos/dk4g4zuli3mknavtxgbi
Papas ;45g;Todo Rico;Natural;2000;productos/alxq4jbh8mn240foirgn
Papas ;115g;Rizadas ;Natural ;2700;productos/eafukx2xldqgzqupcuex
Papas ;115g;Super Crokantes ;Gallina ;3600;productos/jfbojqddxkffr72r0mgg
Papas ;115g;Super Ricas;Picante ;3600;productos/dgyvmn5jvjoekdw4no9h
Papas ;115g;Super Ricas;Pollo ;3600;productos/wckcvzy89rvv29snao4k
Papas ;160g;Todo Rico;Bar B Q ;3900;productos/dl6qsqzsyjfugbrpiedt
Papas ;40g;Super Crokantes ;Costilla de Cerdo ;3100;productos/n3oewug4tdynb3unvniv
Papas ;40g;Super Crokantes ;Gallina ;3100;productos/o1wbweiqncdnbvtc3wmm
Papas ;40g;Super Crokantes ;Naural ;3100;productos/lpu4oegpwjmtcrwrfor4
Papas ;55g;Todo Rico;Criollo Aji ;2000;productos/dtqmou0qopxos7wodoke
Papel Aluminio ;1u;Generico;;3200;productos/orlnnadxehjfc2zmzryk
Papel Higienico;4u;Familia;Acolchamax;5120;productos/xurvwrmenwby7cmd7j3n
Papel Higienico;Unidad;Familia;Acolchado Extragrande;3000;productos/oszbmwy9eqmfnlh5ap1n
Papel Higienico;Unidad;Familia;Acolchado Grande;3000;productos/qo7h8aacvdyacx0tff95
Papel Higienico;Unidad;Familia;Acolchado;3000;productos/x3aq0jpstb561ux7oxmy
Papel Higienico;Unidad;Familia;Acolchamax Megarrollo;3000;productos/uvp80mroznpwcz8agw8s
Papel Higienico;16u;Scott;Jumbo;13630;productos/crurrw86vq5vnybf208t
Papel Vinipel ;20m;Generico;;2900;productos/jhnmg6xzt5hun1sdhmpd
Pasta de Ajo;130g;El Rey ;;3400;productos/qta2nspuxjhetiy0xkvr
Pasta de Tomate ;200g;Fruco ;;3500;productos/v19mwwwaqf4renghv8ss
Pastelito ;66g;Submarinos ;Arequipe ;1400;productos/fmwctftuby3nwr9ydn6i
Pastelito ;60g;Submarinos ;Fresa ;1400;productos/bogabm12uk4nub96kal0
Pastelito ;42g;Kinder ;Delice ;1900;productos/uxfzcjaf0gnbf9vw8nl2
Pax Dia;24 Sobres;Sanofi Aventis;Naranja;26400;productos/ibqzeqc2xuxtzkpgcj3c
Pax Dia ;24u;Pax;;26400;productos/t7vaj0pb85fcyu60b9yt
Pax Noche;24u;Pax;;26400;productos/aye0o5f8gyt5fm1ndx71
Penne Rigate ;500g;Conzazoni ;;6100;productos/ws5qkkknhfgpshtmd6jj
Penne Rigate ;500g;De Cecco;;10700;productos/unnfpqhfpqbctcvbp2fk
Pescado ;170g;Van Camps ;En Salsa de Tomate ;5900;productos/iw86vh7xodmtdfpt1y5d
Pilas;4u;Energizer;AAA;2000;productos/jejyshcgtec6wbraqjvg
Pilas;2u;Duracell;AA;2000;productos/o5xcalq7j8szbyyv5j7k
Pilas;2u;Duracell;AAA;2000;productos/bbkzimwemjf702obhimz
Pilas;2u;Energizer;AA;2000;productos/h65eosazwlckjv6tvfpc
Pilas;2u;Energizer;AAA;2000;productos/rs9ppqxvu4m3qxucpk32
Pilas;4u;Energizer;AA;2000;productos/x2nf7sx3why2gxixikib
Pilas;4u;Duracell;AA;2000;productos/kdtggtz1srsaec8as8va
Pilas;4u;Duracell;AAA;2000;productos/gejilqozmmyrozs5hr09
Pilas;4u;Varta;AAA;2000;productos/xsbizyuccma8ticpfbx8
Pimienta ;60g;El Rey ;;2100;productos/jxz2ss8nlmpclb510qsn
Platanos Maduros ;40g;Tajamiel ;;1700;productos/zhqwqnf89waerrv03xfd
Platanos Verdes;140g;Natuchips;Platano Verde;3300;productos/i5xoj9wppfn16h0owa6j
Platanos Verdes;40g;Tajaditas ;;1900;productos/qxl64phk7kqb9m0vqnvm
Platanos Verdes;43g;Natuchips ;;1900;productos/rvdxnwr0ipj3otuzkoxa
Platos Desechables ;20u;Generico;;10500;productos/smnflzgl4ujfxi8c2vx6
Polvo para Hornear ;20g;Royal ;;2600;productos/tgmtuhpfo6pp8zyp70gx
Ponque ;230g;Bimbo ;Casero ;2750;productos/rfzlmtllg9ukgqrplfhy
Ponque ;45g;Gansito ;;1200;productos/mx4lvt7i95nbhdkckckk
Ponque ;63g;Gala ;Chocolate ;1100;productos/mb6evjks1y1pbyynd6ne
Ponque ;63g;Gala ;Limon ;1100;productos/v76mrcr8z0pfllp6z8bw
Ponque ;63g;Gala ;Coco ;1100;productos/svs69qbxf27w5b1jxisw
Ponque ;63g;Gala ;Maracuya ;1100;productos/pfp4ihjkwrfhpwdfvefc
Ponque ;63g;Gala ;Natural ;1100;productos/hmqsumhxlzucpykd2dhq
Popetas ;52g;Popetas ;Matequilla ;1600;productos/d80njvssmlhboovm5wsr
Popetas ;52g;Popetas ;Queso ;1600;productos/a9tgmrbdrthqbvgbsheu
Prestobarba ;und;Gillette ;Prestobarba 3 ;5200;productos/n2gb05oari0uddzrleqh
Protectores Diarios ;15u;Nosotras Diarios ;Multiestilo ;10500;productos/o0skist6nb4u6p3yok2z
Provolone ;75g;Del Vecchio ;Ahumado ;3700;productos/vuey1qmowlh59pz7sa39
Quesito ;250g;Colanta;;4400;productos/jsztmgkl9vul0lsn8pmp
Queso;100g;Alpina;Parmesano;8100;productos/nio9uf4dp6r87zj1bvoj
Queso;250g;Alpina;Mozarella;6300;productos/nmgpkpx1r0rgbvvfwwzk
Queso;40g;Colanta ;Parmesano;2600;productos/jzuct1aotkm3smgypgm8
Queso ;250g;Alpina ;Campesino ;5500;productos/ek9qfmrgsspnky7oxogd
Queso ;300g;Ricotta ;;5500;productos/uyjvyh2lrtqpflbarjtr
Queso Crema ;200g;Alpina ;;3500;productos/nh2ls9wyvlmzkpeef0z3
Queso Crema ;380g;Alpina ;;5500;productos/kt7gfs9zldrqwvbgxpf0
Queso Crema ;460g;Colanta ;;4200;productos/vzjdltxsxsjejkeg6k0y
Queso Doble Crema ;250g;Colanta ;;5400;productos/ajszyjjpidhhrnucagrw
Queso Holandes ;250g;Colanta ;;12900;productos/m26svobzkiqqj7mflapl
Queso Pera ;70g;Del Vecchio ;Con Arequipe ;2500;productos/b254joinnrdunyzegzzw
Quipitos ;8g;Quipitos ;Pops ;900;productos/iwnsuwimfgjaxgqdj5z3
Raid;360cm3;Johnson;Doble Accion;15800;productos/fqzte7s4fi48p7o0swdp
Raid;360cm3;Johnson;Elimina Voladores;16400;productos/qubv5uaxrn0odmy47wr6
Removedor de Esmalte ;60ml;Masglo ;;3300;productos/qk9zibognlyrhvxbfce3
Rindex;900g;Rindex;Floral;5700;productos/xvejz4em2cpefqoceivs
Riquillas ;15g;Riquillas ;Crocanticas;1000;productos/k2ellgzixclyxuptpy9y
Ron ;375ml;Viejo de Caldas ;;15200;productos/voziv2ghuho1mzvrlawj
Ron ;750ml;Bacardi ;Limon ;38900;productos/hpeqebbhz1hhcsugrelf
Ron ;750ml;Bacardi ;Superior;39000;productos/gyj0jdeso8qbjil4fwne
Ron ;750ml;Viejo de Caldas ;Tradicional;34900;productos/echm7xbcj9xkhtilu1vz
Ron ;375ml;Bacardi ;Limon ;26900;productos/xd0k8o2csxkbtzipclwx
Ron ;375ml;Tres Esquinas;Blanco;18900;productos/nobqvsvwipq5tppfhozz
Rosquitas ;19g;Rosquitas ;Cronch ;1900;productos/bp4ktypw9p5ar8vqghdx
Sabajon ;700ml;Apolo ;Brandy ;15400;productos/zrmceonpxithgz2ojdw2
Sal ;130g;Refisal;Alta Pureza;1100;productos/w8v9pfd4zugugnp9jqzi
Sal ;1K;Refisal ;Alta Pureza;1500;productos/f1hckt2ujprooywja6ir
Sal ;500g;Refisal ;Alta Pureza;1300;productos/e9rrpopovfyfrvbvmote
Sal de Frutas;8 Sobres;Lua;;10450;productos/gssoc5ce09wls9pjhz7o
Sal de Frutas;8 Sobres;Lua;Limon;10450;productos/nux8lsdq5xuoykqlcr1q
Salchicha Viena ;6u ;Zenu ;Epecial ;2800;productos/l4mkrwtl7cm9fruhjvdo
Salchicha Viena ;6u;Zenu ;Pollo ;3500;productos/npbhanra4s1rehwprwbz
Salchicha Viena ;7u;Rica ;;3500;productos/ysbwlkfmecp3gqrbl3r5
Salchicha Viena ;7u;Rica ;Pollo ;3500;productos/b59ab1cuxcgz9ktmvmjb
Salchichas Frankfurt ;380g ;Zenu;Lata 7 und ;5700;productos/suf2yx1pux5ybwzxoknx
Salsa;154ml;Fruco ;Soya ;3900;productos/euqskvnzex9u253ikw2p
Salsa;155ml;El Rey ;Negra;3500;productos/m4ohnjds5i0ylj0m1ifj
Salsa;155ml;Fruco ;Inglesa;4200;productos/xmmvzsb1yfg5fzv83zb2
Salsa;155ml;Fruco ;Negra;4200;productos/ubnzz4fod1mk1v10xdps
Salsa;120g;El Rey ;BBQ;2900;productos/twk1kxcou2vc10uqzbdq
Salsa;150ml;Fruco ;China;4700;productos/dwjzvswp2gnxoqjjdvnb
Salsa;185g;El Rey ;BBQ;4200;productos/aw60yuslvuakbsoxoc4i
Salsa;200g;San Jorge ;Rosada ;3600;productos/nahwds9es4amnwgslbju
Salsa ;100g;La Constancia ;Aji Picante ;3900;productos/rhzdzt06awk9pewdctde
Salsa ;110g;La Constancia ;Negra;2900;productos/dir3qiaaimysonhorlje
Salsa ;110g;La Constancia ;Para Carnes ;2400;productos/dfeclvjdzprdjqp0ydi2
Salsa ;148ml;Kikkoman;Soya ;10600;productos/txvhnhog9ab8rtba1j6x
Salsa ;148ml;Kikkoman;Soya baja en Sodio ;10600;productos/ywmjq9wxi5yup2qtkklk
Salsa ;150ml;Sakura ;Soya ;2700;productos/vfxwkwdsqjkkp3aj5rre
Salsa de Tomate ;200g;Fruco ;;3600;productos/y7jefocbobhhf7j3jmrm
Salsa de Tomate ;200g;La Constancia ;;3900;productos/tfvanrtjlrjcpksgqabb
Salsina ;55g;El Rey ;;1600;productos/heyi6nsbinhz8r1aaumi
Sanpic;1000ml;Virumec;Lavanda;5560;productos/rwvwraaqmhktcssuntwv
Sanpic;500ml;Virumec;Perfumes;2690;productos/fudfbis9cd3dzwnvuidi
Sardinas ;297.5g;La Soberana ;En Salsa de Tomate ;4600;productos/xkimkiep8duukanzkvlo
Seda Dental ;30m;Vittis ;Con Cera ;3600;productos/blapfssl9edgbw13nd6m
Servilletas ;150u;Familia;;1900;productos/wi6qksigx4zk3a8akqo5
Shampoo;200ml;Johnson's;Baby Shampoo;9900;productos/dmq6hp3uwhhceioczbcp
Shampoo;200ml;Head & Shoulders ;Contro Caida Men;9300;productos/ocm7xyfl3dpmedcntv9n
Shampoo;200ml;Pantene ;Liso Extremo ;9300;productos/rcaappmq2pcpupk9r9iq
Shampoo;350ml;Sedal;Ceramidas;10820;productos/v8mefn2frjdyjcykwf3z
Shampoo;400ml;Johnsons;Original;15700;productos/g3nqkidsdpj7ndde9xey
Shampoo;400ml;Pantene;Liso Extremo;13480;productos/dboagffx0tfde9qylsur
Shampoo;400ml;Pantene;Liso y Sedoso;13760;productos/jswmuvp2simhf0velcs4
Shampoo;700ml;Head and Shoulders;Limpieza Renovadora;24700;productos/vye3gvd73f9jx6ptpqwy
Shampoo;750ml;Pantene;Restauracion ;12000;productos/utj9wnomhj9oofvzzzgx
Shampoo;350ml;Sedal;Keratina y Antioxidante;10090;productos/t5hgvlt1xt5nmfitrzlq
Shampoo;350ml;Sedal;Liso Perfecto;10710;productos/ivumuhhzzt7inkxfxufm
Shampoo;350ml;Sedal;Rizos Obedientes;10700;productos/tubzhr7ay9a91z3quosp
Shampoo;400ml;Head and Shoulders;Limpieza Renovadora;15050;productos/e3bmph2874dm8ibot9ue
Soya en Polvo ;200g;Soy Plus ;;9600;productos/zqnqphnedbpmjrzvynvz
Spaghetti ;250g;Doria ;;1700;productos/t09tl3xri93attdlfohz
Spaghetti ;500g;Monticello ;;3700;productos/nudyr7c3ifcp0xjotnfz
Suavitel;2.9L;Suavitel;Complete;14680;productos/b7qb2b7b7glb4cwigkky
Suavitel;180ml;Suavitel;Fresca Primavera;1000;productos/gjgll8zksfgsmbx7xduz
Suavitel;2.9L;Suavitel;Aroma Intense;13270;productos/tu3umozr0nshsdedxxkz
Suero;500ml;Pedialyte ;Fresa 30;6900;productos/qlyvy1dsvperzta0h2tt
Suero;500ml;Pedialyte ;Naranja 30;6900;productos/exsy3zpj3t6zlvqbaqcx
Suero;500ml;Pedialyte ;Uva 30;6900;productos/uumo7umqwpv5tubyrqqa
Suero;500ml;Pedialyte;Uva;6120;productos/sb81gfkz5moknfop919v
Suero;500ml;Pedialyte;Cereza 30;6800;productos/w7fsqraxqkyt3ppt2suq
Suero;500ml;Pedialyte;Fresa;6120;productos/g17n8jbbgsdnsy4os7lb
Suero;500ml;Pedialyte;Mandarina 30;6800;productos/q8lqowkdmbzhr6ogmxns
Suero;500ml;Pedialyte;Naranja 30;6800;productos/pmszypls6oi5gs3v0a4f
Suero;500ml;Pedialyte;Zinc 45 Manzana;6800;productos/t5x4m6twotmvo7lrwdqd
Talcos;85g;Mexsana;;7400;productos/huweyjqqfq2la6afmoec
Tarrito Rojo;330g;Jgb;Fresa;12000;productos/iltqe87ag4vxulpwmvrd
Tarrito Rojo;330g;Jgb;Tradicional;12000;productos/qgnt93gm1ri1n6rhzeb6
Tarrito Rojo;330g;Jgb;Vainilla;12000;productos/vwyclibte8htj9gl4977
Te;1.5L;Mr Tea;Limon;4500;productos/pjpjbwypolztbgl5lle5
Te;400ml;Fuze Tea;Negro Durazno ;1900;productos/piv9s2v90v0ysjeis3ep
Te;400ml;Fuze Tea;Negro Limon;2100;productos/vrlwxdyuujhre2o5rara
Te;1.2L;Fuze Tea;Negro Durazno ;3900;productos/xthwp0uvbqxzwlnq9qyh
Te;1.2L;Fuze Tea;Negro Limon;3900;productos/vvps8bwooiz4epktm2ri
Te;400ml;Hatsu;Blanco y Mangostino ;4000;productos/bp15judeyhwyovfiu6pi
Te;400ml;Hatsu;Pu Erh;4000;productos/spwind4smecra1nvmajo
Te;400ml;Hatsu;Flor de Cerezo ;4000;productos/pgughbhwqmp8ivpy5f9x
Te;400ml;Hatsu;Negro y Limonada ;4000;productos/bkvleohm5esapmidk7db
Te;400ml;Hatsu;Pomegranate Azul ;4000;productos/oaiwakayq5y03v0n8car
Te;400ml;Hatsu;Rosas y Lychees;4000;productos/mxjz4gkhjmrun2pdr2k4
Te;400ml;Hatsu;Verde ;4000;productos/idg53mhqkatqj86r9ghm
Te ;12u;Hindu ;Original ;1900;productos/v82fw24hxjqbbgm22kne
Te ;1L;Lipton ;Negro Durazno ;4500;productos/giglwpoxovfcumuoqkaf
Te ;1L;Lipton ;Negro Limon;4500;productos/ag7ybxygbdb7bfhf1tq1
Te ;25u;Hindu ;Original ;4500;productos/ubtckjlx0jhjsugvopf8
Te ;300ml;Mr Tea ;Durazno ;2000;productos/jrizsajan4qb2btw8nq3
Te ;500ml;Lipton ;Negro Limon;2500;productos/k7gcztxnqnknfhrz2ay4
Te ;500ml;Mr Tea ;Durazno ;2300;productos/k6i8umr112busqsm8qk9
Te ;300ml;Mr Tea ;Verde ;2000;productos/f6r4zxngovwjx55yomch
Te ;400ml;SunTea ;Con Gas Limon;2000;productos/ghqwdlt6gwnx7wegnwyz
Te ;500ml;Lipton ;Verde ;2500;productos/feyjifupydwoeuhhsyrm
Te Verde ;60g;Hindu ;Ice Tea Light ;2900;productos/fuje0lsjy5bgr8kqu1mj
Tenedores Desechables ;20u;Generico;;10500;productos/lrt9wqurzgiqgvckw8yg
Tequila;750ml;Jose Cuervo;Tequila Plata;58100;productos/dmjvmd6f5u3o5eahtdbr
Tequila ;750ml;Don Julio ;Reposado ;110900;productos/ojwiui30ptjuiqhzdwe1
Toallas Higienicas ;6u ;Nosotras ;Extra Proteccion Tela ;4500;productos/vew0bd6bqu2yyvs4q1jh
Tocineta;400g;Zenu;Ahumada ;16700;productos/wrxtslmi5vqhc8pbp8qe
Tostacos ;25g;Tostacos ;Picantes ;900;productos/iu1dy1afo7lr7gdumsnv
Tostacos ;240g;Tostacos ;Picantes ;4500;productos/zsaqln3hu6prrcd6xtco
Tostacos ;25g;Tostacos ;Queso ;1500;productos/jpqvvbgwifu9rmqk8hvf
Tosti Arepa;28g;Yupi;;1200;productos/mriv9nn2v4s2nvwijydx
Tozinetas ;25g;Yupi;Fred ;2900;productos/qvettqjffxzmtcnuchcm
Trocipollo ;32g;Trocipollo ;;1000;productos/kyyazgxj0apfntjaz1n8
Vanish;500ml;Vanish;Poder O2;7910;productos/kr5fpeuihqftlpzcmgsj
Vanish;500ml;Vanish;Blanco Total;7860;productos/ue21nib6kuextyeaiiw0
Vaporub;12g;Vick;;3000;productos/eug6hqpcuwlnkeh4jvs5
Vaporub;50g;Vick;;9670;productos/vudpehhp3ybn253yuazq
Vasos Plasticos ;25u;Generico;Desechables;1900;productos/zlalhzw0zziawyktraj8
Vasos Plasticos ;50u;Generico;Desechables;2500;productos/pdxiz3qo56nqlpgak0sn
Vel Rosita;1000ml;Vel Rosita;Liquido;12300;productos/bg2mqvnktrjcqmsme1zt
Vermouth;750ml;Cinzano ;Extra Dry;32900;productos/y47n9ggvpqdobarc3cbn
Vinagre;500ml;Fruco ;Sabor de Frutas ;3900;productos/cqo0djwpklxfjm2mv0fl
Vino;750ml;Dubonnet;;48250;productos/xrvt60nx0daq1byyltee
Vino;750ml;120 Santa Rita;Cabernet Sauvignon Tinto ;44900;productos/pvblscbj2qo1lqi7zzmt
Vino;750ml;Casillero del Diablo ;Sauvignon Blanc;44500;productos/x6obhjytrv7p9njqa0ki
Vino;750ml;Gato Negro;Merlot;34900;productos/oqxdeoiim3yw3go5p4ch
Vino;750ml;Undurraga ;Cabernet Sauvignon;44900;productos/hkdsocnhh9oturlt7gt0
Vino;750ml;Undurraga ;Carmenere;44900;productos/p9cyuteiodjto6zf0fel
Vino;750ml;Undurraga ;Merlot;44900;productos/boslqglnm34yzumgnfmi
Vino;750ml;Undurraga ;Rose;42000;productos/xffzzag0seglaeemiwel
Vino;750ml;Undurraga ;Sauvignon Blanc;44900;productos/q4kyqfkiucydeqzrkr4g
Vino;750ml;Chandon;Brut Rose Rosado;69900;productos/mjeecig1636ptvilrhaw
Vino;750ml;Chandon;Reserve Brut Espumoso;69900;productos/apxd1g5owlijvcxwsy6z
Vino;750ml;Frontera;Merlot;31200;productos/bqywswd2dix8so6eec0q
Vino;750ml;JP Chenet;Rosado;39900;productos/hdnozm0oz2antrscv0ev
Vino;750ml;Santa Helena;Cabernet Sauvignon Tinto ;29900;productos/ascktr1gsoquwx0v9tow
Vino;750ml;Trapiche;Cabernet Sauvignon Tinto ;28100;productos/tbehcbrfobfquf6krbo1
Vino;750ml;Undurraga ;Chardonnay;45000;productos/jigxknnvlikve3qzry2p
Vino;750ml;Undurraga ;Gewurztraminer;59000;productos/f3fa4ehdryya0zpnufum
Vino ;750ml;Casillero del Diablo ;Cabernet Sauvignon Tinto ;44500;productos/ouw8vlztbnxbif2jqrbr
Vino ;750ml;Gato Negro ;Cabernet Sauvignon Tinto ;34900;productos/sypqiydqhfzcktybtju8
Vino ;750ml;Lazo ;Cabernet  Sauvignon Tinto ;30200;productos/wakllb092lp1ivbrcbds
Vino ;750ml;120 Santa Rita;Rosado;44900;productos/lvxhwcou2zys3vcnowzn
Vino ;750ml;120 Santa Rita;Sauvignon Blanc;44900;productos/xmuhlfvlwp8xvpocni2d
Vino ;750ml;Gato Negro ;Sauvignon Blanc;34900;productos/hyz352igdfdsxr8jyevm
Vino ;750ml;Lazo ;Sauvignon Blanc;26500;productos/ularrzqj1xlra6uvuudu
Vino ;750ml;Aromo;Merlot;29900;productos/rdsgnstjwzsi4rfnmcqt
Vino ;750ml;Aromo;Sauvignon Blanc;29900;productos/zmh83kmldcxjhzhzeu6o
Vino ;750ml;Frontera;Sauvignon Blanc;31200;productos/mjrnpxnvej8slqdye8ec
Vino ;750ml;Isabella;Blanco;19900;productos/mgxxhtxhj9ckzef5qv6a
Vino ;750ml;Isabella;Tinto;19900;productos/zpy4q4jrahlark7t0lmh
Vino ;750ml;Pampas;Vino Fino Blanco;25900;productos/d3ctokvjmx9xqvciucco
Vino ;750ml;Trapiche;Rosado;28400;productos/s6vpawnlbwxg82crgupc
Vodka;350ml;Smirnoff;;30900;productos/tdip8u7azyxmzeisuobc
Vodka;700ml;Smirnoff;;49900;productos/np8guupcdlpjwv3s4hhb
Vodka;750ml;Absolut ;Original ;58900;productos/ykb7k7qtnbo6p8396umk
Vodka;375ml;Absolut;Original ;33900;productos/b3hebotxxdn86dzrfhaj
Whisky;750ml;Buchanans;Master;106900;productos/or8s32n8flqhigrcxkld
Whisky;750ml;Jack Daniels;;102000;productos/w6jit3yqmpe9aqrwwiyx
Whisky;750ml;Jameson;;80900;productos/n9qohr0eqveymxwx8ek5
Whisky;750ml;John Thomas;;31200;productos/jwcardy2lxjduw15sgie
Yogurt;200g;Alpina;Fresa;2200;productos/hvl8u0dwkz7lfkzzm69p
Yogurt;150g;Yogo Yogo ;Fresa;2300;productos/olyfnkxpbrl9ug7rywdn
Yogurt;150g;Yogo Yogo ;Mora;2300;productos/ba7yzk4g6apgfys0ozbm
Yogurt;200 g;Alpina;Melocoton;2400;productos/dryxtlzzvp3mdz7vbvlb
Yogurt;200g;Alpina;Mora ;2200;productos/k6uae4wngnm5ws01vipb
Yogurt;200g;Alpina;Guanabana;2200;productos/hhhxzanitjubxb6bjqiq
Yogurt ;140g;Activia;Fresa ;1900;productos/wozfdxn4wzrz6ul4xsug
Yogurt ;180g;Finesse;Fresa ;2500;productos/wur7l3itxatpruzcd2ob
Yogurt ;180g;Finesse;Melocoton ;2400;productos/y8f2o4bsd0sqyxwtl2da
Yogurt ;200g;Regeneris;Fresa ;2400;productos/nzmk8nenga4xdaz4plto
Yogurt ;200g;Regeneris;Melocoton;2400;productos/cvec0p9olfm1xmtcriir
Yogurt ;140g;Activia;Pitaya ;1900;productos/z32pj8tsxpkiofnagrkx
Yogurt ;200g;Alpina ;Natural Light ;2400;productos/benpltau30m0llabevj0
Yogurt Griego;150g;Alpina ;Fresa;2400;productos/r75r3l0hpbj7cjtiwcb6
Yogurt Griego;150g;Alpina ;Mora y Arandano ;2400;productos/u8orcgif16qxsyfzwhfb
Yuca ;43g;Natuchips ;;1900;productos/kivl5c1uftyklqjjtg8s
Yupis;60g;Yupi;Gigante ;1900;productos/ey9l4qwrvotqpll44h0k
Yupis ;50g;Yupis ;Caramelo ;1900;productos/iqvewrkvtqs8kuof3iuh
Yupis ;60g;Yupis ;Gigantes ;1900;productos/nv4s8d7bbty1y8y1mtjq
